"NUMERO";"IFSI";"PROMO";"SEXE";"ANNEE";"AGE";"QUESTION1";"QUESTION2";"QUESTION3";"QUESTION4";"QUESTION5";"QUESTION6";"QUESTION7";"QUESTION8";"QUESTION9";"QUESTION10";"QUESTION11";"QUESTION12";"QUESTION13";"QUESTION14";"QUESTION15";"QUESTION16";"QUESTION17";"QUESTION18";"QUESTION19";"QUESTION20";"QUESTION21";"QUESTION22";"QUESTION23";"QUESTION24";"QUESTION25";"QUESTION26";"RANG";"meme place";"Affinites";"Habitude";"Pas Bruit";"Pratique";"Plac restante";"rester conc";"Decrocher";"LiKERT";"MI";"VT";"PC";"CO";"ME"
1;"BRU_1";"2012/2015";"F";1987;25;5;6;7;5;5;6;7;6;7;7;5;5;7;7;7;7;7;7;7;5;7;7;6;6;1;7;1;"O";"N";"N";"O";"N";"N";"N";"N";159;24;40;49;27;19
2;"BRU_1";"2012/2015";"F";1993;19;7;5;5;4;4;5;6;7;5;7;4;4;6;7;4;4;4;6;7;5;5;7;7;4;5;5;1;"O";"N";"N";"O";"N";"N";"N";"N";139;24;40;36;20;19
3;"BRU_1";"2012/2015";"F";1993;19;7;7;6;5;5;7;3;7;3;6;6;4;6;7;7;6;5;6;7;5;6;7;7;5;3;4;1;"O";"N";"N";"O";"N";"N";"N";"N";147;24;41;40;23;19
4;"BRU_1";"2012/2015";"F";1986;26;4;7;6;2;2;7;1;7;2;7;1;3;6;6;2;2;2;5;7;3;1;6;6;2;1;6;1;"O";"N";"N";"O";"N";"N";"N";"N";104;18;38;26;11;11
5;"BRU_1";"2012/2015";"F";1970;42;7;5;6;5;4;7;5;7;7;7;6;3;5;6;7;6;6;7;7;6;6;6;7;6;7;7;1;"O";"N";"N";"O";"N";"N";"N";"N";158;25;39;44;23;27
6;"BRU_1";"2012/2015";"M";1965;47;7;7;7;5;5;6;7;7;5;6;3;5;7;7;6;5;5;7;6;5;2;6;6;5;7;5;1;"O";"N";"N";"N";"N";"N";"N";"N";149;26;39;41;22;21
7;"BRU_1";"2012/2015";"F";1990;22;6;5;4;4;4;6;4;5;5;5;4;5;6;5;5;4;4;6;6;5;5;6;6;4;5;5;2;"N";"N";"N";"N";"N";"O";"N";"N";129;23;32;35;19;20
8;"BRU_1";"2012/2015";"F";1989;23;7;6;5;4;4;3;7;7;4;5;5;4;7;6;6;5;5;5;5;6;7;7;6;5;7;5;2;"O";"N";"N";"N";"O";"N";"N";"N";143;25;36;37;26;19
9;"BRU_1";"2012/2015";"F";1993;19;7;5;4;3;5;6;7;4;7;7;7;3;5;5;5;3;6;6;7;4;5;4;5;3;6;4;2;"O";"N";"N";"O";"O";"N";"N";"N";133;22;29;34;22;26
10;"BRU_1";"2012/2015";"F";1992;20;6;6;7;4;4;5;7;7;5;6;3;4;6;6;6;4;4;5;7;5;7;7;6;5;4;6;2;"N";"N";"N";"N";"N";"O";"N";"N";142;22;40;37;26;17
11;"BRU_1";"2012/2015";"F";1985;27;7;7;5;5;6;6;7;6;4;7;4;7;7;5;6;6;5;6;5;5;6;5;5;6;5;6;2;"O";"N";"N";"O";"O";"N";"N";"N";149;25;31;48;26;19
12;"BRU_1";"2012/2015";"F";1973;39;7;4;6;3;4;6;3;7;7;7;5;4;7;6;5;4;4;7;7;7;4;7;7;4;7;4;2;"O";"N";"N";"O";"O";"N";"O";"N";143;28;40;34;16;25
13;"BRU_1";"2012/2015";"F";1981;31;7;5;5;5;4;5;5;5;3;7;4;4;7;7;5;4;4;5;5;5;5;5;7;4;4;5;2;"O";"N";"N";"O";"N";"N";"N";"N";131;24;34;37;20;16
14;"BRU_1";"2012/2015";"F";1991;21;7;5;7;5;7;7;5;7;7;7;7;7;7;7;7;5;5;7;7;6;5;7;7;5;7;7;2;"O";"N";"N";"O";"O";"N";"N";"N";167;27;42;48;22;28
15;"BRU_1";"2012/2015";"F";1986;26;6;6;6;3;4;3;4;4;1;7;1;4;6;6;6;3;4;4;6;6;4;7;5;4;1;5;3;"O";"N";"N";"N";"O";"N";"N";"N";116;22;34;34;20;6
16;"BRU_1";"2012/2015";"F";1991;21;7;7;6;5;6;6;5;7;7;7;6;5;6;7;6;5;6;5;7;5;6;7;6;5;6;6;3;"O";"O";"N";"O";"N";"N";"N";"N";157;23;40;45;24;25
17;"BRU_1";"2012/2015";"M";1991;21;6;7;7;6;5;7;7;7;6;6;7;5;6;7;7;6;5;6;7;6;7;6;6;7;7;7;3;"N";"N";"N";"N";"O";"N";"N";"N";166;24;40;47;28;27
18;"BRU_1";"2012/2015";"F";1993;19;5;4;4;2;3;6;6;6;6;7;3;3;7;5;7;4;4;5;6;3;4;4;5;4;4;4;3;"O";"N";"N";"N";"O";"N";"N";"N";121;20;30;31;21;19
19;"BRU_1";"2012/2015";"F";1988;24;6;4;5;3;2;5;7;7;6;5;4;2;5;5;6;4;4;6;6;5;6;5;5;5;6;6;3;"O";"N";"N";"N";"O";"N";"N";"N";130;22;33;31;23;21
20;"BRU_1";"2012/2015";"F";1969;43;7;7;7;6;6;7;3;7;7;7;5;6;6;7;4;6;6;7;6;4;4;6;7;6;4;6;3;"N";"N";"N";"N";"O";"N";"N";"N";154;24;40;49;18;23
21;"BRU_1";"2012/2015";"F";1980;32;7;7;6;7;4;7;7;7;7;7;7;4;7;7;4;7;6;7;7;1;6;7;7;7;7;6;3;"N";"O";"N";"N";"O";"N";"N";"N";163;22;41;48;24;28
22;"BRU_1";"2012/2015";"F";1992;20;6;7;7;5;5;6;7;7;5;6;4;5;6;7;7;5;5;6;7;7;7;7;7;5;6;5;3;"O";"N";"N";"N";"O";"N";"O";"N";157;25;42;41;28;21
23;"BRU_1";"2012/2015";"F";1978;34;6;6;6;4;4;6;7;7;6;6;5;4;6;6;6;4;4;6;6;4;4;6;6;4;6;5;3;"O";"N";"N";"N";"O";"N";"N";"N";140;22;37;35;23;23
24;"BRU_1";"2012/2015";"F";1992;20;7;7;7;5;5;6;7;7;6;7;6;5;5;6;7;5;5;6;6;5;7;6;5;5;7;6;4;"O";"N";"O";"N";"O";"N";"N";"N";156;23;37;43;28;25
25;"BRU_1";"2012/2015";"F";1989;23;7;6;4;5;5;6;7;7;7;7;5;4;5;7;6;2;3;4;7;3;3;7;7;3;4;4;4;"O";"O";"N";"N";"N";"N";"O";"N";135;19;39;33;22;22
26;"BRU_1";"2012/2015";"F";1993;19;7;7;5;4;5;7;7;7;7;7;7;5;6;7;7;1;4;7;7;4;7;7;7;3;4;4;4;"O";"N";"N";"N";"O";"N";"N";"N";150;24;40;33;28;25
27;"BRU_1";"2012/2015";"M";1991;21;5;3;5;3;3;6;6;5;5;5;4;2;4;3;5;3;3;4;6;4;6;5;5;4;3;4;4;"N";"N";"N";"N";"O";"N";"N";"N";111;17;29;27;20;18
28;"BRU_1";"2012/2015";"M";1991;21;6;6;6;4;4;5;6;6;4;7;1;5;7;5;5;4;4;7;7;6;4;4;6;4;5;6;4;"N";"N";"N";"N";"N";"O";"N";"N";134;26;34;38;21;15
29;"BRU_1";"2012/2015";"F";1976;36;7;6;4;4;4;6;4;6;7;5;2;3;6;6;5;3;3;7;6;4;4;4;5;4;4;3;4;"O";"N";"N";"N";"N";"N";"N";"N";122;24;31;29;19;19
30;"BRU_1";"2012/2015";"M";1992;20;2;7;7;5;7;4;7;7;5;7;1;7;2;6;7;5;4;5;7;4;5;6;7;5;1;4;4;"N";"N";"N";"N";"N";"O";"N";"N";134;13;40;44;26;11
31;"BRU_1";"2012/2015";"F";1993;19;5;7;7;4;5;4;7;7;5;7;4;4;7;5;7;4;4;5;7;5;7;6;5;4;5;5;4;"N";"N";"N";"N";"N";"O";"N";"N";142;22;37;37;28;18
32;"BRU_1";"2012/2015";"F";1978;34;5;6;6;2;2;6;7;6;4;4;5;2;5;5;5;3;5;5;6;6;7;6;6;4;6;5;4;"N";"N";"N";"N";"N";"N";"O";"N";129;21;35;27;25;21
33;"BRU_1";"2012/2015";"F";1993;19;7;5;4;4;3;4;6;5;4;7;6;4;4;5;5;4;6;5;7;4;3;3;5;3;6;5;5;"N";"N";"N";"N";"N";"O";"N";"N";124;20;29;36;19;20
34;"BRU_1";"2012/2015";"F";1992;20;7;5;7;4;1;5;7;7;7;4;6;3;5;5;3;3;3;6;6;5;2;4;6;2;6;2;5;"N";"O";"N";"N";"N";"N";"N";"N";121;23;35;22;17;24
35;"BRU_1";"2012/2015";"F";1991;21;7;7;6;5;6;6;7;7;4;7;5;5;5;6;7;5;5;4;7;5;1;5;7;3;4;5;5;"O";"O";"O";"N";"O";"N";"N";"N";141;21;38;41;22;19
36;"BRU_1";"2012/2015";"F";1991;21;7;6;6;5;5;7;7;6;3;7;3;5;7;7;6;5;5;6;7;7;5;7;7;6;6;6;5;"O";"O";"N";"N";"O";"N";"N";"N";154;27;40;44;24;19
37;"BRU_1";"2012/2015";"M";1985;27;7;3;4;6;5;5;7;6;4;7;1;5;7;5;6;6;6;6;6;5;6;5;6;6;4;6;5;"N";"N";"N";"N";"N";"O";"N";"N";140;25;32;47;22;14
38;"BRU_1";"2012/2015";"M";1991;21;6;3;3;5;5;6;7;4;2;4;7;1;5;4;5;2;4;3;6;2;2;7;5;4;6;5;5;"N";"N";"N";"N";"N";"O";"N";"N";113;16;29;30;17;21
39;"BRU_1";"2012/2015";"F";1990;22;5;7;7;4;3;1;4;7;4;7;1;3;3;4;7;4;4;4;7;3;4;5;5;4;2;4;5;"O";"O";"O";"N";"N";"N";"N";"N";113;15;35;33;22;8
40;"BRU_1";"2012/2015";"F";1990;22;6;6;5;3;5;5;6;5;5;5;2;5;6;5;5;3;3;5;6;4;5;5;5;4;4;5;5;"O";"O";"N";"N";"O";"N";"N";"N";123;21;31;33;22;16
41;"BRU_1";"2012/2015";"M";1992;20;6;6;7;4;5;5;3;6;2;5;1;3;5;5;6;4;4;6;7;5;3;5;5;3;3;6;5;"O";"N";"O";"N";"N";"N";"N";"N";120;22;35;34;18;11
42;"BRU_1";"2012/2015";"F";1992;20;7;6;6;4;4;6;5;6;7;7;5;5;5;5;6;5;5;6;6;4;4;6;5;5;6;6;6;"N";"N";"N";"N";"N";"N";"N";"N";142;22;34;41;21;24
43;"BRU_1";"2012/2015";"F";1991;21;7;5;6;5;4;5;7;7;6;6;4;5;5;5;6;4;5;5;6;4;4;5;6;4;6;5;6;"N";"N";"N";"N";"N";"N";"N";"N";137;21;35;38;22;21
44;"BRU_1";"2012/2015";"F";1992;20;7;7;6;4;4;6;7;7;7;7;7;4;3;6;6;4;3;7;7;5;4;7;7;5;7;5;6;"O";"N";"O";"N";"N";"N";"N";"N";149;22;40;36;24;27
45;"BRU_1";"2012/2015";"F";1990;22;7;7;5;3;2;2;7;7;4;4;1;2;1;3;5;3;3;7;7;4;4;4;4;3;2;4;6;"O";"N";"N";"N";"N";"N";"N";"N";105;19;30;24;23;9
46;"BRU_1";"2012/2015";"F";1991;21;7;6;6;4;5;6;4;6;5;5;5;4;6;6;6;4;5;5;6;5;4;5;6;4;5;5;6;"O";"N";"O";"N";"N";"N";"N";"N";135;23;35;36;20;21
47;"BRU_1";"2012/2015";"F";1991;21;7;5;3;2;1;6;7;7;7;7;4;2;5;5;5;4;3;6;7;4;6;4;6;3;7;5;6;"O";"N";"N";"N";"N";"O";"N";"N";128;22;32;27;23;24
48;"BRU_1";"2012/2015";"F";1978;34;6;5;5;5;3;7;7;7;7;6;4;3;5;5;6;5;5;6;7;6;4;5;7;5;5;5;6;"O";"N";"O";"N";"N";"N";"N";"N";141;23;36;37;22;23
49;"BRU_1";"2012/2015";"F";1985;27;6;7;6;5;4;6;7;7;5;7;5;4;5;7;7;5;5;6;7;5;5;7;7;5;5;6;6;"O";"N";"O";"N";"N";"N";"N";"N";151;22;41;41;26;21
50;"BRU_1";"2012/2015";"F";1972;40;5;7;7;5;4;6;7;7;5;6;3;3;4;5;5;4;4;6;6;5;6;5;7;5;5;5;6;"O";"N";"O";"N";"O";"N";"N";"N";137;20;37;36;25;19
51;"BRU_1";"2012/2015";"F";1983;29;7;7;7;4;3;7;7;7;4;7;4;3;3;5;6;4;4;3;5;4;4;6;7;4;7;7;7;"N";"N";"N";"N";"N";"N";"N";"N";136;17;37;36;24;22
52;"BRU_1";"2012/2015";"F";1990;22;7;5;5;4;4;4;4;6;6;5;5;2;3;4;6;5;4;3;6;4;6;5;7;5;7;5;7;"O";"N";"O";"N";"N";"N";"N";"N";127;17;33;34;21;22
53;"BRU_1";"2012/2015";"M";1987;25;5;4;6;4;2;4;6;6;3;5;1;1;4;4;4;3;4;5;5;5;1;4;5;2;3;3;7;"N";"N";"N";"N";"N";"O";"N";"N";99;19;30;24;15;11
54;"BRU_1";"2012/2015";"M";1989;23;6;5;6;4;3;1;7;4;1;5;5;1;7;2;5;3;3;2;6;6;5;2;4;2;4;5;7;"N";"N";"N";"N";"N";"O";"N";"N";104;21;24;26;22;11
55;"BRU_1";"2012/2015";"F";1991;21;4;6;7;4;4;1;7;7;4;7;1;4;4;7;7;4;4;4;7;4;7;7;7;4;6;5;7;"O";"N";"N";"N";"N";"N";"N";"N";133;16;42;36;27;12
56;"BRU_1";"2012/2015";"F";1988;24;5;4;5;3;3;4;7;7;6;5;5;4;5;4;4;4;4;5;7;5;4;4;5;3;4;4;7;"O";"N";"O";"N";"N";"N";"N";"N";120;20;32;30;19;19
57;"BRU_1";"2012/2015";"F";1990;22;7;2;6;1;1;7;4;5;4;3;1;1;1;1;1;4;1;4;5;3;1;1;4;1;3;1;7;"O";"N";"O";"N";"N";"N";"N";"O";73;15;22;13;8;15
58;"BRU_1";"2012/2015";"F";1992;20;7;6;4;2;5;4;6;6;4;6;3;5;7;5;7;4;4;4;6;2;1;4;7;4;5;7;7;"N";"N";"N";"N";"N";"O";"N";"N";125;20;32;37;20;16
59;"BRU_1";"2012/2015";"F";1992;20;6;6;6;5;5;3;7;6;6;6;5;5;4;6;6;5;5;6;6;6;5;7;6;5;5;6;7;"N";"N";"N";"N";"N";"O";"N";"N";144;22;37;42;24;19
60;"BRU_1";"2012/2015";"M";1990;22;6;7;5;7;6;5;6;4;5;7;6;5;7;5;6;6;5;5;7;3;6;7;6;6;4;6;8;"O";"O";"N";"N";"N";"N";"N";"N";148;21;34;48;25;20
61;"BRU_1";"2012/2015";"M";1992;20;6;2;6;2;2;1;7;5;5;6;1;2;4;4;5;2;3;3;6;4;1;4;4;2;1;2;8;"O";"O";"N";"N";"N";"N";"N";"N";90;17;29;21;15;8
62;"BRU_1";"2012/2015";"M";1991;21;5;7;6;6;7;5;6;7;7;7;5;7;7;7;7;6;6;6;7;5;6;6;7;6;5;6;8;"O";"O";"N";"N";"N";"N";"N";"N";162;23;40;51;26;22
63;"BRU_1";"2012/2015";"M";1989;23;6;5;6;3;4;4;6;6;2;6;1;4;5;2;6;2;2;1;3;2;6;3;4;5;3;3;8;"O";"N";"N";"N";"O";"N";"N";"N";100;14;24;29;23;10
64;"BRU_2";"2011/2014";"M";1974;38;7;7;7;4;4;4;4;7;1;7;1;1;7;7;7;5;5;7;7;7;1;7;7;4;1;4;1;"O";"N";"N";"N";"O";"N";"N";"N";130;28;42;34;19;7
65;"BRU_2";"2011/2014";"M";1978;34;7;3;5;4;3;5;4;6;3;5;1;2;5;5;4;4;4;5;5;6;2;5;5;2;2;4;1;"O";"N";"N";"N";"O";"N";"O";"N";106;23;31;28;13;11
66;"BRU_2";"2011/2014";"F";1991;21;1;4;2;4;2;5;7;2;7;2;4;3;1;4;2;5;5;1;7;1;7;4;1;3;7;3;1;"O";"N";"N";"O";"O";"N";"N";"N";94;4;20;27;20;23
67;"BRU_2";"2011/2014";"M";1991;21;7;5;5;4;4;7;7;5;7;7;1;2;4;4;4;4;4;7;7;5;5;7;7;4;7;4;1;"O";"O";"N";"N";"N";"N";"N";"N";134;23;35;33;21;22
68;"BRU_2";"2011/2014";"F";1992;20;7;6;6;5;7;6;6;6;4;7;4;6;7;6;7;5;5;6;5;6;6;6;6;6;3;6;1;"O";"N";"N";"N";"O";"N";"N";"N";150;26;35;47;25;17
69;"BRU_2";"2011/2014";"F";1989;23;7;4;5;4;2;6;7;6;6;5;3;2;3;6;4;5;5;4;7;3;6;7;7;4;7;5;1;"O";"O";"N";"N";"O";"N";"N";"N";130;17;38;32;21;22
70;"BRU_2";"2011/2014";"F";1992;20;7;7;7;3;3;7;7;7;7;7;7;4;7;6;7;5;6;5;7;6;3;6;7;6;6;7;1;"O";"N";"N";"N";"O";"N";"O";"N";157;25;40;41;24;27
71;"BRU_2";"2011/2014";"F";1992;20;4;6;4;3;5;7;6;6;5;7;7;5;5;7;6;5;3;6;6;3;7;6;5;2;7;5;1;"O";"N";"N";"N";"N";"N";"O";"N";138;18;34;35;25;26
72;"BRU_2";"2011/2014";"F";1984;28;7;6;6;2;3;2;4;5;1;3;3;2;2;2;4;3;3;3;4;1;5;2;2;5;7;3;2;"O";"N";"N";"N";"N";"N";"N";"N";90;13;21;24;19;13
73;"BRU_2";"2011/2014";"F";1991;21;4;7;4;4;5;7;7;7;4;6;1;1;1;7;7;7;6;7;7;4;7;7;7;4;1;4;2;"O";"N";"N";"N";"N";"N";"N";"N";133;16;39;37;28;13
74;"BRU_2";"2011/2014";"F";1991;21;6;7;6;5;1;6;7;6;6;7;4;1;4;6;5;3;3;7;7;4;2;7;7;2;6;4;2;"O";"N";"O";"N";"N";"N";"N";"N";129;21;39;26;21;22
75;"BRU_2";"2011/2014";"F";1985;27;7;7;7;4;7;4;7;5;7;7;7;5;7;5;7;5;5;6;6;6;7;7;7;5;5;7;2;"O";"N";"N";"N";"O";"N";"O";"N";159;26;37;45;28;23
76;"BRU_2";"2011/2014";"F";1960;52;7;6;6;6;5;6;6;7;6;6;7;5;7;7;6;6;7;6;7;5;5;7;7;6;6;6;2;"O";"N";"N";"O";"O";"N";"N";"N";161;25;41;47;23;25
77;"BRU_2";"2011/2014";"F";1987;25;4;7;4;4;4;2;5;3;1;6;1;4;5;4;6;4;4;3;5;5;5;4;2;4;1;5;2;"O";"N";"O";"N";"O";"N";"N";"N";102;17;22;35;23;5
78;"BRU_2";"2011/2014";"F";1982;30;7;5;5;5;4;4;2;5;4;6;4;4;7;5;3;4;4;5;6;4;1;4;6;5;1;6;2;"O";"N";"N";"N";"N";"N";"N";"N";116;23;31;38;11;13
79;"BRU_2";"2011/2014";"F";1991;21;7;5;4;2;2;4;6;7;5;5;5;3;5;5;5;3;5;5;5;2;4;6;6;3;3;5;2;"O";"N";"N";"O";"N";"N";"N";"N";117;19;33;28;20;17
80;"BRU_2";"2011/2014";"F";1991;21;7;6;6;4;3;3;5;7;6;5;6;3;7;6;7;5;4;3;7;6;2;6;6;5;7;5;3;"O";"N";"N";"N";"O";"N";"N";"N";137;23;38;34;20;22
81;"BRU_2";"2011/2014";"F";1992;20;7;7;6;6;3;6;1;6;6;7;1;3;6;7;6;6;5;7;7;6;4;7;7;6;2;5;3;"N";"N";"N";"N";"O";"N";"N";"N";140;26;40;41;18;15
82;"BRU_2";"2011/2014";"F";1987;25;7;7;7;4;2;7;1;5;5;7;1;1;5;7;7;4;4;7;5;4;5;7;7;4;5;5;3;"O";"N";"O";"N";"N";"N";"N";"N";130;23;38;31;20;18
83;"BRU_2";"2011/2014";"F";1975;37;7;5;4;4;4;7;4;7;7;5;7;4;4;4;4;3;5;4;7;2;5;1;1;3;7;4;3;"O";"N";"N";"N";"O";"N";"N";"N";119;17;24;32;18;28
84;"BRU_2";"2011/2014";"F";1990;22;7;6;4;5;4;7;3;6;7;6;5;4;6;4;4;5;5;5;5;4;4;4;5;4;3;4;3;"O";"N";"N";"N";"N";"O";"O";"N";126;22;28;37;17;22
85;"BRU_2";"2011/2014";"F";1992;20;7;6;5;4;4;5;6;5;4;6;4;4;6;5;5;5;4;6;6;4;3;6;6;6;6;6;3;"O";"O";"N";"O";"O";"N";"N";"N";134;23;33;39;20;19
86;"BRU_2";"2011/2014";"F";1990;22;7;5;5;4;5;5;5;5;4;4;2;5;6;5;6;4;4;5;6;5;4;6;6;5;2;5;3;"O";"N";"O";"N";"N";"N";"N";"N";125;23;33;36;20;13
87;"BRU_2";"2011/2014";"F";1991;21;7;7;5;5;6;5;7;4;6;7;3;6;4;7;6;5;5;4;6;4;7;7;7;4;5;6;3;"N";"O";"N";"N";"O";"N";"N";"N";145;19;36;44;27;19
88;"BRU_2";"2011/2014";"F";1992;20;7;5;5;4;3;6;5;5;5;6;4;2;4;3;3;3;2;3;4;5;2;5;5;2;2;3;4;"O";"N";"O";"N";"N";"N";"N";"N";103;19;27;25;15;17
89;"BRU_2";"2011/2014";"F";1992;20;6;5;3;4;2;3;5;5;3;5;3;2;3;4;5;3;3;3;5;4;2;4;6;3;4;4;4;"O";"N";"N";"N";"O";"N";"O";"N";99;16;27;26;17;13
90;"BRU_2";"2011/2014";"F";1989;23;6;6;5;5;5;5;6;5;4;6;5;4;5;5;5;5;4;4;5;5;3;5;5;4;4;5;4;"O";"N";"O";"N";"N";"N";"N";"N";126;20;30;38;20;18
91;"BRU_2";"2011/2014";"F";1990;22;7;7;6;6;4;4;7;6;1;5;1;2;2;7;5;4;4;5;6;4;2;5;4;4;2;5;4;"O";"N";"O";"N";"N";"N";"N";"N";115;18;34;34;21;8
92;"BRU_2";"2011/2014";"F";1981;31;7;7;4;5;5;6;7;5;3;6;6;5;7;7;7;5;5;6;6;6;6;6;6;5;6;6;4;"O";"N";"N";"O";"O";"N";"N";"N";150;26;34;42;27;21
93;"BRU_2";"2011/2014";"F";1978;34;7;5;6;7;7;6;7;6;4;7;4;7;7;6;7;7;7;6;6;5;7;6;7;7;6;7;4;"O";"O";"O";"N";"O";"N";"N";"N";164;25;37;56;26;20
94;"BRU_2";"2011/2014";"F";1967;45;7;7;5;5;4;6;7;5;6;6;7;5;5;5;6;6;6;5;6;6;5;5;5;5;5;5;4;"O";"N";"O";"N";"N";"N";"N";"N";145;23;31;42;25;24
95;"BRU_2";"2011/2014";"F";1988;24;7;7;7;6;5;3;7;7;2;7;2;4;6;6;7;6;6;5;7;4;5;7;7;7;2;7;4;"O";"N";"O";"N";"O";"N";"N";"N";146;22;41;48;26;9
96;"BRU_2";"2011/2014";"F";1991;21;7;3;7;4;4;5;6;6;5;5;1;4;4;6;5;6;4;5;6;4;4;6;6;4;2;4;5;"O";"N";"O";"N";"N";"N";"N";"N";123;20;37;35;18;13
97;"BRU_2";"2011/2014";"F";1990;22;7;6;7;4;4;7;7;7;1;7;2;2;7;7;7;6;6;2;1;6;7;7;7;5;1;6;5;"O";"N";"N";"N";"O";"N";"N";"N";136;22;36;40;27;11
98;"BRU_2";"2011/2014";"F";1992;20;7;6;6;5;2;5;2;6;6;5;4;1;5;5;4;4;4;3;6;4;1;6;6;2;5;6;5;"O";"N";"O";"N";"N";"N";"N";"N";116;19;35;29;13;20
99;"BRU_2";"2011/2014";"M";1991;21;7;5;5;5;7;7;7;7;7;7;1;5;4;4;6;4;4;5;7;6;4;6;6;4;1;6;5;"O";"N";"O";"N";"N";"N";"N";"N";137;22;35;42;22;16
100;"BRU_2";"2011/2014";"F";1986;26;7;7;6;5;6;7;7;7;6;6;4;3;7;7;7;6;6;7;6;5;5;6;6;5;4;6;5;"O";"N";"N";"N";"O";"N";"N";"N";154;26;38;43;26;21
101;"BRU_2";"2011/2014";"M";1983;29;7;7;7;5;5;4;7;7;2;7;4;4;7;4;7;6;6;6;7;4;4;7;4;4;4;7;5;"O";"N";"O";"N";"N";"N";"N";"N";143;24;36;44;25;14
102;"BRU_2";"2011/2014";"F";;;7;5;7;5;4;7;7;7;1;4;1;4;6;6;5;4;7;7;7;4;5;7;7;4;6;5;5;"N";"N";"N";"N";"N";"O";"N";"N";139;24;41;37;22;15
103;"BRU_2";"2011/2014";"F";1989;23;7;7;4;5;3;4;7;6;6;7;4;2;7;7;5;4;4;5;6;4;1;6;6;4;7;5;6;"N";"N";"N";"N";"N";"N";"O";"N";133;23;35;34;20;21
104;"BRU_2";"2011/2014";"F";1987;25;7;7;4;4;3;1;7;3;4;7;1;2;7;5;7;3;3;3;6;6;7;6;4;3;1;6;6;"N";"N";"N";"N";"N";"N";"O";"N";117;23;28;31;28;7
105;"BRU_2";"2011/2014";"M";1990;22;6;6;6;5;5;4;7;6;5;7;6;5;7;5;6;4;5;5;6;4;6;6;6;6;5;6;6;"O";"O";"N";"N";"N";"N";"N";"N";145;22;35;43;25;20
106;"BRU_2";"2011/2014";"F";1991;21;7;6;5;5;3;6;5;6;5;6;5;5;7;6;6;5;6;6;6;5;3;5;6;5;6;6;6;"O";"N";"O";"N";"N";"N";"N";"N";142;25;34;41;20;22
107;"BRU_2";"2011/2014";"F";1992;20;7;6;6;5;5;4;6;6;3;7;1;5;6;6;6;5;5;4;5;4;5;5;6;6;6;7;6;"O";"N";"O";"N";"N";"N";"N";"N";137;21;34;45;23;14
108;"BRU_2";"2011/2014";"F";1977;35;7;4;5;4;7;5;2;7;2;7;1;3;7;6;6;4;5;6;7;6;3;6;6;3;3;7;6;"O";"N";"N";"N";"O";"N";"N";"N";129;26;37;40;15;11
109;"BRU_2";"2011/2014";"F";1982;30;7;4;5;5;2;1;7;7;4;6;3;1;7;6;4;4;4;6;6;5;2;6;6;4;6;5;6;"N";"N";"N";"N";"N";"O";"N";"N";123;25;36;31;17;14
110;"BRU_2";"2011/2014";"F";1993;19;7;7;5;4;4;3;7;5;4;7;1;2;5;3;5;3;3;3;6;6;5;5;5;4;1;5;7;"O";"O";"N";"N";"O";"N";"N";"O";115;21;29;32;24;9
111;"BRU_2";"2011/2014";"F";1992;20;7;6;4;6;7;5;7;4;2;6;2;4;6;5;7;6;6;5;6;4;7;6;5;4;1;5;7;"O";"O";"O";"N";"N";"N";"N";"N";133;22;30;44;27;10
112;"BRU_2";"2011/2014";"F";1991;21;7;6;3;5;1;4;2;5;1;7;2;1;7;4;6;2;4;2;6;1;6;4;2;1;1;7;7;"O";"N";"O";"N";"N";"N";"N";"N";97;17;24;28;20;8
113;"BRU_2";"2011/2014";"F";1989;23;7;3;4;4;3;2;7;7;4;7;2;3;6;6;6;4;6;4;6;4;1;6;6;5;1;5;7;"O";"N";"O";"N";"N";"N";"N";"N";119;21;35;37;17;9
114;"BRU_2";"2011/2014";"F";1990;22;7;5;6;3;4;5;7;6;4;5;2;1;4;6;5;1;4;4;6;3;1;5;7;3;4;3;7;"O";"N";"O";"N";"N";"N";"N";"N";111;18;36;24;18;15
115;"BRU_2";"2011/2014";"F";1991;21;2;3;2;1;1;2;4;5;2;5;2;2;4;4;5;2;2;2;4;1;1;3;5;2;1;2;7;"N";"N";"N";"N";"N";"N";"N";"N";69;9;23;17;13;7
116;"BRU_2";"2011/2014";"F";1991;21;5;4;5;3;4;7;5;7;7;4;6;5;5;7;6;4;4;6;7;6;1;6;7;5;6;6;7;"N";"N";"N";"N";"N";"O";"N";"N";138;22;39;35;16;26
117;"BRU_2";"2011/2014";"F";1990;22;7;5;5;4;4;4;7;5;5;5;3;3;5;5;5;4;4;4;5;5;5;6;5;4;5;4;8;"O";"O";"N";"N";"N";"N";"N";"N";123;21;31;32;22;17
118;"BRU_2";"2011/2014";"F";1991;21;7;5;4;4;3;4;7;5;3;5;2;3;6;5;6;3;4;3;6;5;4;6;5;3;3;4;8;"O";"O";"N";"N";"N";"O";"N";"N";115;21;31;29;22;12
119;"BRU_2";"2011/2014";"F";1991;21;5;6;6;6;5;3;2;3;2;3;1;3;4;2;3;2;4;2;2;4;2;2;2;2;1;3;8;"O";"N";"N";"N";"N";"N";"N";"N";80;15;17;28;13;7
120;"BRU_2";"2011/2014";"F";1991;21;7;7;7;7;4;4;7;6;3;7;7;5;2;6;7;5;6;4;6;4;6;4;6;5;1;7;8;"N";"N";"N";"N";"N";"O";"N";"N";140;17;35;46;27;15
121;"ERS_1";"2012/2015";"F";1990;22;7;7;6;5;4;3;7;7;7;6;3;3;3;5;6;5;5;5;7;4;4;5;7;4;7;4;1;"O";"N";"N";"N";"O";"N";"N";"N";136;19;37;36;24;20
122;"ERS_1";"2012/2015";"F";1992;20;7;6;6;4;4;2;6;2;4;6;4;2;4;2;5;3;2;4;3;4;3;3;4;4;2;4;1;"O";"N";"N";"N";"N";"N";"N";"N";100;19;20;29;20;12
123;"ERS_1";"2012/2015";"F";1993;19;6;5;4;3;3;3;3;3;5;5;4;4;5;4;4;3;2;4;3;2;2;2;3;3;3;2;1;"O";"N";"N";"N";"O";"N";"O";"N";90;17;19;25;14;15
124;"ERS_1";"2012/2015";"F";1984;28;7;5;4;4;4;6;7;5;6;4;3;4;4;4;4;4;4;5;1;3;4;4;6;1;4;4;1;"O";"N";"N";"N";"O";"N";"N";"N";111;19;24;29;20;19
125;"ERS_1";"2012/2015";"F";1988;24;7;6;5;4;3;5;7;7;5;7;5;2;7;6;6;4;4;7;7;7;5;5;7;1;5;4;1;"O";"N";"N";"N";"O";"N";"N";"N";138;28;37;29;24;20
126;"ERS_1";"2012/2015";"F";1991;21;7;7;6;3;3;3;7;5;6;4;5;3;6;5;5;5;4;5;6;6;5;4;7;3;2;4;1;"O";"N";"O";"N";"O";"N";"O";"N";126;24;33;29;24;16
127;"ERS_1";"2012/2015";;;;6;6;6;4;3;5;3;6;7;6;6;3;7;7;6;4;5;7;7;7;4;7;7;5;7;5;;;"N";"N";"N";"N";"N";"N";"N";146;27;40;35;19;25
128;"ERS_1";"2012/2015";"M";1982;30;7;7;7;4;4;7;7;7;5;7;1;4;7;6;7;5;5;6;7;5;4;6;7;4;7;5;1;"O";"N";"N";"N";"N";"N";"O";"N";148;25;40;38;25;20
129;"ERS_1";"2012/2015";"F";1987;25;7;7;7;4;4;5;7;7;7;7;1;4;7;7;7;5;7;7;7;7;4;7;7;4;2;7;1;"O";"N";"N";"N";"N";"N";"O";"N";152;28;42;42;25;15
130;"ERS_1";"2012/2015";"F";1979;33;7;7;7;4;4;7;7;7;7;7;7;4;4;7;7;4;4;7;4;4;4;7;7;4;7;4;1;"O";"N";"N";"N";"N";"N";"O";"N";149;22;39;35;25;28
131;"ERS_1";"2012/2015";"F";1980;32;7;7;7;5;4;6;7;7;5;7;1;4;7;7;7;5;5;7;7;7;5;7;7;5;1;6;2;"O";"N";"O";"N";"O";"N";"O";"N";150;28;42;41;26;13
132;"ERS_1";"2012/2015";"F";1978;34;6;6;6;4;4;5;3;6;6;6;5;6;5;5;7;5;5;6;7;5;6;4;6;5;6;6;2;"O";"N";"O";"N";"N";"N";"N";"N";141;22;34;41;22;22
133;"ERS_1";"2012/2015";"F";1980;32;6;5;5;4;4;5;6;5;5;6;4;3;5;4;5;4;4;5;5;4;4;5;5;5;4;5;2;"O";"N";"O";"N";"N";"N";"N";"N";122;20;29;35;20;18
134;"ERS_1";"2012/2015";"F";;;7;4;6;3;1;5;7;5;1;5;1;1;6;5;5;3;3;3;5;4;1;4;6;1;1;3;2;"O";"N";"N";"N";"O";"N";"N";"N";96;20;31;20;17;8
135;"ERS_1";"2012/2015";"F";1989;23;7;6;5;5;5;6;7;7;5;6;2;4;7;7;6;4;5;6;7;7;6;7;7;4;2;5;2;"O";"N";"N";"O";"N";"N";"N";"N";145;27;40;38;25;15
136;"ERS_1";"2012/2015";"F";1992;20;7;5;5;5;3;5;6;6;4;6;4;4;7;4;3;4;4;6;6;7;1;4;4;5;5;4;2;"O";"N";"N";"O";"N";"N";"O";"N";124;27;29;35;15;18
137;"ERS_1";"2012/2015";"F";1983;29;7;7;4;4;3;6;7;7;4;7;4;3;7;5;5;4;4;6;7;4;5;4;7;4;4;6;2;"O";"N";"N";"N";"N";"N";"N";"N";135;24;34;35;24;18
138;"ERS_1";"2012/2015";"F";1987;25;6;5;4;4;3;3;5;3;2;5;1;4;6;3;4;4;3;4;3;4;1;4;6;3;4;3;2;"O";"N";"N";"N";"N";"N";"N";"N";97;20;23;29;15;10
139;"ERS_1";"2012/2015";"M";1986;26;6;5;4;4;3;4;6;6;6;6;5;4;4;5;5;5;4;4;5;4;5;5;5;5;4;5;2;"O";"N";"N";"N";"O";"N";"O";"N";124;18;30;36;21;19
140;"ERS_1";"2012/2015";"F";1981;31;6;5;5;4;5;4;4;5;4;5;4;4;5;4;4;4;4;4;5;4;2;4;6;4;2;5;2;"O";"N";"N";"N";"N";"N";"N";"N";112;19;29;35;15;14
141;"ERS_1";"2012/2015";"F";1992;20;5;4;5;3;1;2;5;4;4;5;1;1;2;4;3;1;2;3;5;4;3;3;5;1;1;2;3;"O";"N";"O";"N";"N";"N";"N";"N";79;14;26;16;15;8
142;"ERS_1";"2012/2015";"F";1992;20;7;7;6;4;4;4;7;6;2;6;7;4;7;4;6;5;4;3;4;4;6;4;6;5;7;6;3;"O";"O";"N";"N";"O";"N";"N";"N";135;21;30;38;26;20
143;"ERS_1";"2012/2015";"F";1992;20;7;5;5;4;4;6;5;5;7;7;3;4;4;4;6;3;5;5;7;7;5;5;6;5;7;3;3;"O";"N";"O";"N";"N";"N";"N";"N";134;23;32;35;21;23
144;"ERS_1";"2012/2015";"F";1989;23;5;6;6;5;4;2;7;5;2;4;2;4;4;4;4;4;4;4;4;4;2;4;2;3;4;4;3;"O";"N";"N";"N";"N";"N";"N";"N";103;17;25;32;19;10
145;"ERS_1";"2012/2015";"F";1991;21;7;6;6;4;3;6;7;7;5;6;6;3;5;6;7;4;6;6;7;4;4;7;7;5;7;6;3;"N";"O";"N";"N";"O";"N";"N";"N";147;22;40;37;24;24
146;"ERS_1";"2012/2015";"F";1992;20;6;5;5;4;3;3;7;5;4;4;2;3;6;4;4;3;3;3;3;3;6;4;4;3;3;3;3;"O";"N";"O";"N";"N";"N";"N";"N";103;18;25;26;22;12
147;"ERS_1";"2012/2015";"F";1993;19;6;5;7;3;1;3;7;7;6;6;6;1;5;5;6;4;4;6;7;6;2;6;6;4;6;4;3;"O";"N";"N";"N";"N";"N";"N";"N";129;23;38;27;20;21
148;"ERS_1";"2012/2015";"F";1990;22;3;5;6;4;5;6;5;4;6;6;2;5;6;4;6;3;3;6;6;6;3;4;5;4;3;4;3;"O";"N";"O";"N";"N";"N";"N";"N";120;21;29;34;19;17
149;"ERS_1";"2012/2015";"F";1991;21;7;6;5;4;2;5;7;7;5;5;2;1;5;6;5;3;5;5;5;4;5;4;5;3;5;4;3;"O";"N";"O";"N";"N";"N";"N";"N";120;21;32;27;23;17
150;"ERS_1";"2012/2015";"F";1992;20;7;5;5;4;1;3;5;4;5;6;1;2;6;4;4;1;3;4;6;7;1;4;7;1;3;1;3;"O";"N";"O";"N";"N";"N";"N";"N";100;24;30;19;15;12
151;"ERS_1";"2012/2015";"F";1991;21;7;6;6;4;4;5;5;5;2;6;1;1;3;4;3;1;4;4;4;7;4;4;6;4;1;4;3;"O";"O";"O";"N";"N";"N";"N";"N";105;21;29;28;18;9
152;"ERS_1";"2012/2015";"F";1988;24;7;5;5;4;4;5;7;5;5;6;4;4;7;6;5;4;3;4;5;5;4;6;6;4;4;4;4;"O";"N";"O";"N";"N";"N";"N";"N";128;23;33;33;21;18
153;"ERS_1";"2012/2015";"F";1992;20;6;6;5;4;4;2;5;3;4;5;4;4;6;4;5;3;4;4;4;3;3;3;4;3;4;4;4;"O";"N";"O";"N";"N";"N";"N";"N";106;19;23;31;19;14
154;"ERS_1";"2012/2015";"F";1990;22;7;5;7;4;4;4;5;5;5;6;4;4;6;6;6;4;4;5;6;5;2;6;5;4;2;4;4;"N";"N";"N";"N";"N";"N";"O";"N";125;23;35;34;18;15
155;"ERS_1";"2012/2015";"F";1989;23;6;6;5;4;4;3;5;4;4;6;5;5;6;5;4;4;4;5;4;4;4;5;4;4;4;4;4;"N";"N";"N";"N";"N";"N";"N";"N";118;21;27;35;19;16
156;"ERS_1";"2012/2015";"M";1988;24;7;5;5;4;4;2;6;5;6;6;6;6;7;5;7;3;5;7;5;7;6;4;3;5;7;7;4;"O";"N";"N";"N";"O";"N";"N";"N";140;28;27;40;24;21
157;"ERS_1";"2012/2015";"M";1991;21;7;6;2;4;3;2;7;5;1;5;1;4;7;7;7;3;4;6;5;5;3;6;5;3;1;6;4;"O";"N";"N";"N";"O";"N";"N";"N";115;25;30;32;23;5
158;"ERS_1";"2012/2015";"F";1990;22;7;4;4;3;2;5;6;4;5;6;1;3;7;4;4;3;3;4;6;5;2;2;4;3;2;4;4;"O";"N";"N";"N";"O";"N";"N";"N";103;23;24;27;16;13
159;"ERS_1";"2012/2015";"M";1990;22;7;1;4;4;4;1;1;7;4;5;1;5;4;4;5;5;4;7;5;1;1;4;4;4;1;4;4;"O";"N";"N";"N";"N";"N";"N";"N";97;19;28;35;8;7
160;"ERS_1";"2012/2015";"F";1991;21;5;5;3;4;4;4;4;4;4;5;4;4;5;5;4;4;4;4;5;4;3;4;4;4;4;4;4;"O";"N";"N";"N";"N";"N";"N";"N";108;18;25;33;16;16
161;"ERS_1";"2012/2015";"F";1991;21;6;7;6;5;5;6;7;6;2;6;7;4;7;7;7;5;5;7;7;7;7;7;5;5;7;7;4;"O";"N";"N";"N";"O";"N";"N";"N";157;27;38;42;28;22
162;"ERS_1";"2012/2015";"M";1986;26;4;6;5;5;1;7;1;5;5;5;4;4;2;2;5;4;4;5;5;4;4;3;3;3;4;4;4;"O";"N";"N";"N";"N";"O";"N";"N";104;15;23;30;16;20
163;"ERS_1";"2012/2015";;;;7;5;6;4;4;6;5;5;6;6;5;4;5;5;5;5;5;5;6;6;3;5;5;5;5;5;5;"O";"N";"O";"N";"N";"N";"N";"N";133;23;32;38;18;22
164;"ERS_1";"2012/2015";"F";1992;20;7;4;5;4;5;2;5;5;4;6;3;5;6;5;5;4;4;5;6;5;4;5;5;5;3;4;5;"O";"N";"N";"N";"O";"N";"N";"N";121;23;31;37;18;12
165;"ERS_1";"2012/2015";"F";1990;22;6;4;6;4;4;2;7;5;5;4;5;3;6;4;4;3;4;6;5;3;1;4;4;4;4;4;5;"O";"O";"N";"N";"N";"N";"N";"N";111;21;28;30;16;16
166;"ERS_1";"2012/2015";"F";1991;21;7;5;6;3;4;6;6;6;6;4;5;5;7;5;6;4;4;5;6;6;5;5;7;4;7;6;5;"O";"O";"N";"N";"N";"N";"N";"N";140;25;35;34;22;24
167;"ERS_1";"2012/2015";"F";1991;21;6;5;5;5;4;2;3;4;4;5;4;4;4;4;4;4;4;4;4;5;4;4;5;5;5;5;5;"O";"N";"N";"N";"O";"N";"N";"N";112;19;26;36;16;15
168;"ERS_1";"2012/2015";"F";1987;25;6;2;6;5;3;2;3;5;2;6;1;4;7;4;5;5;4;4;6;5;4;6;6;4;4;4;5;"O";"N";"O";"N";"N";"N";"N";"N";113;22;33;35;14;9
169;"ERS_1";"2012/2015";"M";1983;29;7;4;2;6;6;1;7;1;7;7;1;5;7;1;6;5;5;1;1;4;4;1;1;5;1;5;5;"O";"N";"N";"N";"N";"N";"N";"N";101;19;7;44;21;10
170;"ERS_1";"2012/2015";"F";1989;23;7;6;5;5;3;5;7;5;7;6;6;5;7;6;6;5;5;6;5;5;2;6;6;4;7;5;5;"O";"N";"N";"N";"N";"N";"N";"N";142;25;33;38;21;25
171;"ERS_1";"2012/2015";"M";1988;24;6;6;7;2;3;1;7;4;7;7;4;3;7;7;5;1;1;6;7;4;1;5;5;1;4;3;5;"O";"N";"N";"N";"N";"N";"N";"N";114;23;35;21;19;16
172;"ERS_1";"2012/2015";"F";1993;19;7;7;5;4;4;4;6;5;6;5;5;3;7;5;5;4;4;4;4;4;5;4;5;4;5;4;5;"O";"N";"O";"N";"N";"N";"N";"N";125;22;28;32;23;20
173;"ERS_1";"2012/2015";"F";1992;20;7;6;7;5;6;7;7;7;5;7;1;5;5;6;6;5;6;5;7;5;3;6;7;6;4;5;5;"O";"N";"O";"N";"N";"N";"N";"N";146;22;40;45;22;17
174;"ERS_1";"2012/2015";"F";1989;23;7;7;3;3;5;4;7;7;4;7;1;6;7;7;7;4;4;3;7;6;7;7;7;7;7;7;5;"O";"O";"N";"N";"N";"N";"N";"N";148;23;38;43;28;16
175;"ERS_1";"2012/2015";"F";1993;19;6;5;4;4;3;4;5;4;5;5;3;3;6;5;5;3;3;4;4;6;5;4;5;4;5;4;6;"O";"O";"N";"N";"N";"N";"N";"N";114;22;26;29;20;17
176;"ERS_1";"2012/2015";"F";1989;23;7;5;6;6;4;7;5;5;6;6;1;4;7;5;5;5;5;5;5;5;4;5;5;4;2;5;6;"O";"O";"N";"N";"O";"N";"N";"N";129;24;31;39;19;16
177;"ERS_1";"2012/2015";"F";1988;24;7;7;7;5;6;5;7;5;5;6;4;5;7;7;7;7;4;6;6;6;6;7;7;7;7;7;6;"O";"O";"N";"N";"N";"N";"N";"N";160;26;39;47;27;21
178;"ERS_1";"2012/2015";"F";1992;20;6;4;4;3;5;4;6;5;4;7;4;5;7;5;5;3;3;4;6;5;5;5;4;3;1;3;6;"O";"O";"N";"N";"N";"N";"N";"N";116;22;29;32;20;13
179;"ERS_1";"2012/2015";"F";1988;24;7;5;5;4;4;5;7;4;5;5;3;4;6;5;4;4;4;5;5;6;5;5;5;4;3;4;6;"O";"O";"N";"N";"N";"N";"N";"N";123;24;29;33;21;16
180;"ERS_1";"2012/2015";"M";1985;27;7;7;4;4;5;3;7;6;6;4;5;6;6;5;6;5;4;6;6;7;2;3;6;5;5;4;6;"O";"O";"O";"N";"N";"N";"N";"N";134;26;30;37;22;19
181;"ERS_1";"2012/2015";"F";1972;40;7;6;6;4;3;4;7;7;7;6;6;6;6;4;4;4;5;4;5;5;6;3;4;5;5;5;6;"O";"N";"N";"N";"O";"N";"N";"N";134;22;29;38;23;22
182;"ERS_1";"2012/2015";"F";1993;19;7;6;4;4;3;3;6;7;4;6;2;4;7;4;6;4;5;5;4;3;2;5;4;3;2;4;6;"O";"O";"N";"N";"O";"N";"N";"N";114;22;28;33;20;11
183;"ERS_1";"2012/2015";"F";1988;24;6;6;5;4;5;3;5;4;3;6;4;3;4;4;5;4;4;4;5;4;6;4;4;4;5;4;6;"O";"N";"N";"N";"O";"N";"N";"N";115;18;26;34;22;15
184;"ERS_1";"2012/2015";"F";1992;20;5;4;3;4;3;6;3;4;4;4;5;2;5;4;6;4;4;3;5;3;3;4;4;3;4;4;6;"O";"N";"N";"N";"O";"N";"N";"N";103;16;24;28;16;19
185;"ERS_1";"2012/2015";"M";1990;22;6;6;5;4;3;5;7;5;5;5;5;4;6;5;6;4;4;3;5;5;6;5;5;5;6;6;6;"O";"N";"N";"N";"N";"N";"N";"N";131;20;30;35;25;21
186;"ERS_3";"2010/2013";"F";1975;37;6;6;5;4;5;6;7;7;6;6;4;6;7;6;6;5;5;6;6;6;4;5;7;7;5;5;1;"O";"N";"O";"N";"N";"N";"N";"N";148;25;36;43;23;21
187;"ERS_3";"2010/2013";"M";1964;48;7;7;6;5;7;1;1;7;1;6;1;7;7;7;7;5;6;7;7;7;1;7;7;6;1;7;2;"O";"N";"N";"O";"N";"N";"N";"N";138;28;41;49;16;4
188;"ERS_3";"2010/2013";"F";1964;48;6;6;5;4;3;1;7;5;1;5;1;4;7;5;4;4;5;5;5;5;7;6;5;5;1;4;2;"O";"N";"N";"N";"O";"N";"N";"N";116;23;31;34;24;4
189;"ERS_3";"2010/2013";"F";1974;38;7;7;7;5;7;1;6;7;1;7;1;7;7;7;7;5;7;7;6;7;5;7;7;5;3;7;2;"O";"N";"N";"N";"O";"N";"N";"N";150;28;41;50;25;6
190;"ERS_3";"2010/2013";"F";1977;35;7;7;6;5;4;4;2;4;1;6;1;4;7;4;6;3;3;7;7;6;1;5;7;4;2;4;2;"O";"N";"N";"N";"N";"N";"O";"N";117;27;33;33;16;8
191;"ERS_3";"2010/2013";"F";1977;35;7;7;6;5;4;7;7;7;3;7;4;3;7;6;7;5;6;6;3;6;6;5;6;5;2;4;2;"N";"O";"N";"N";"N";"N";"N";"N";141;26;33;39;27;16
192;"ERS_3";"2010/2013";"F";1989;23;7;7;3;5;6;4;7;6;6;7;5;5;7;7;7;6;6;6;7;6;6;7;6;5;7;6;2;"O";"N";"O";"N";"O";"N";"N";"N";157;26;36;46;27;22
193;"ERS_3";"2010/2013";"F";1991;21;7;6;5;5;5;7;7;7;7;6;6;5;6;6;6;6;5;6;6;7;4;6;5;5;7;6;2;"O";"N";"O";"N";"O";"N";"N";"N";154;26;35;43;23;27
194;"ERS_3";"2010/2013";"F";1990;22;7;7;7;5;6;4;6;4;4;5;4;3;7;6;7;6;6;7;6;5;3;7;5;5;4;7;2;"O";"N";"O";"N";"O";"N";"N";"N";143;26;35;43;23;16
195;"ERS_3";"2010/2013";"F";1988;24;6;7;7;4;6;4;7;4;2;7;2;5;7;5;5;5;5;5;5;5;3;5;5;5;4;4;3;"O";"O";"N";"N";"O";"N";"N";"N";129;23;31;41;22;12
196;"ERS_3";"2010/2013";"F";1984;28;5;7;3;4;3;3;7;7;2;4;3;5;6;5;4;4;7;6;4;4;1;5;4;3;4;5;3;"O";"O";"N";"N";"O";"N";"N";"N";115;21;28;35;19;12
197;"ERS_3";"2010/2013";"F";1989;23;7;7;6;4;5;5;7;5;3;6;1;2;7;5;6;5;4;4;5;5;5;5;6;4;5;5;3;"O";"N";"N";"N";"O";"N";"N";"N";129;23;32;35;25;14
198;"ERS_3";"2010/2013";"F";1990;22;6;6;5;5;6;6;7;7;4;5;3;5;5;5;6;6;6;6;6;5;4;5;5;4;4;4;3;"O";"N";"N";"N";"O";"N";"O";"N";136;22;33;41;23;17
199;"ERS_3";"2010/2013";"F";1991;21;5;5;6;5;4;4;7;6;5;5;5;5;7;6;6;7;5;7;5;6;7;6;6;5;4;5;3;"O";"N";"O";"N";"N";"N";"N";"N";144;25;35;41;25;18
200;"ERS_3";"2010/2013";"F";1987;25;7;7;7;4;4;7;4;6;7;6;3;4;5;5;6;5;5;6;6;5;5;6;5;4;5;5;3;"N";"O";"N";"N";"N";"N";"N";"N";139;23;35;37;22;22
201;"ERS_3";"2010/2013";"F";1991;21;7;6;5;4;2;5;7;6;5;6;4;2;5;6;7;5;4;6;6;4;5;6;6;5;6;4;3;"O";"O";"O";"N";"O";"N";"N";"N";134;22;35;32;25;20
202;"ERS_3";"2010/2013";"F";1990;22;5;5;4;4;5;6;6;5;5;5;3;4;5;5;6;5;5;6;5;5;3;4;6;4;5;4;3;"O";"N";"N";"N";"O";"N";"N";"N";125;21;29;36;20;19
203;"ERS_3";"2010/2013";"F";1989;23;6;5;5;4;4;5;6;6;4;5;1;4;6;6;5;5;5;6;5;5;3;6;5;5;5;4;3;"O";"N";"O";"N";"N";"N";"N";"N";126;23;33;36;19;15
204;"ERS_3";"2010/2013";"F";1987;25;7;5;5;5;5;7;7;3;5;7;5;3;7;4;5;5;5;5;3;7;7;5;5;5;5;5;3;"O";"O";"N";"N";"O";"N";"N";"N";137;26;25;40;24;22
205;"ERS_3";"2010/2013";"F";1990;22;7;5;5;5;4;4;6;4;4;6;3;3;6;4;5;4;5;6;5;5;6;5;6;6;2;5;3;"O";"N";"O";"N";"N";"N";"N";"N";126;24;29;38;22;13
206;"ERS_3";"2010/2013";"M";1990;22;6;6;7;4;5;5;5;4;4;5;3;4;7;5;6;4;5;6;6;4;6;5;6;6;6;6;4;"O";"N";"N";"N";"N";"N";"O";"O";136;23;33;39;23;18
207;"ERS_3";"2010/2013";"M";1988;24;5;1;6;7;5;3;1;1;2;5;1;5;4;3;1;5;4;3;3;7;7;4;4;6;4;5;4;"O";"N";"N";"N";"O";"N";"O";"N";102;19;21;42;10;10
208;"ERS_3";"2010/2013";"M";1970;42;7;5;5;5;5;3;5;6;4;5;4;4;4;2;4;5;6;5;4;4;1;2;3;7;5;5;4;"O";"N";"N";"N";"O";"N";"N";"N";115;20;22;42;15;16
209;"ERS_3";"2010/2013";"F";1990;22;6;5;4;4;2;6;2;5;3;6;2;2;2;4;5;5;6;4;3;4;4;4;3;5;5;6;4;"O";"N";"O";"N";"N";"N";"N";"N";107;16;23;36;16;16
210;"ERS_3";"2010/2013";"F";1990;22;7;7;5;5;4;5;6;6;4;5;1;4;7;5;6;4;4;4;4;4;4;5;4;4;4;4;4;"O";"N";"O";"N";"N";"N";"N";"N";122;22;29;34;23;14
211;"ERS_3";"2010/2013";"F";1990;22;7;7;4;5;4;1;6;5;5;6;1;4;7;5;4;5;4;4;3;5;4;6;6;3;4;5;4;"O";"N";"O";"N";"N";"N";"N";"N";120;23;29;36;21;11
212;"ERS_3";"2010/2013";"F";1990;22;7;7;5;5;5;1;7;4;1;7;2;5;7;6;5;6;5;6;3;3;3;6;5;5;5;7;5;"O";"N";"O";"N";"O";"N";"N";"N";128;23;29;45;22;9
213;"ERS_3";"2010/2013";"F";1991;21;7;5;6;5;4;3;6;6;3;7;2;4;6;5;3;4;5;5;6;3;3;6;6;5;5;5;5;"O";"N";"N";"N";"O";"N";"N";"N";125;21;35;39;17;13
214;"ERS_3";"2010/2013";"F";1991;21;7;6;6;5;7;6;5;6;6;6;6;7;7;5;6;6;6;7;5;7;6;5;6;5;6;6;5;"O";"N";"O";"N";"N";"N";"N";"N";156;28;33;48;23;24
215;"ERS_3";"2010/2013";"F";1988;24;6;6;4;4;3;3;7;3;2;3;4;3;5;4;5;4;4;4;3;3;6;3;3;3;3;4;5;"O";"N";"O";"N";"N";"N";"N";"N";102;18;20;28;24;12
216;"ERS_3";"2010/2013";"F";1991;21;7;4;6;4;3;4;7;5;5;5;7;3;5;5;4;3;3;7;5;6;1;6;5;3;5;6;5;"O";"O";"N";"N";"O";"N";"N";"N";124;25;32;30;16;21
217;"ERS_3";"2010/2013";"F";1989;23;7;5;5;4;4;4;5;6;4;5;3;4;5;5;5;5;5;4;5;5;5;5;6;5;5;5;5;"O";"N";"O";"N";"N";"N";"N";"N";126;21;32;37;20;16
218;"ERS_3";"2010/2013";"F";1991;21;7;6;6;6;5;5;5;6;3;7;4;4;6;6;7;4;5;5;5;6;6;6;6;5;6;6;5;"O";"N";"O";"N";"N";"N";"N";"N";143;24;35;42;24;18
219;"ERS_3";"2010/2013";"F";1991;21;7;7;6;4;6;6;7;6;7;6;7;6;7;6;6;5;6;6;7;6;5;7;7;4;5;5;5;"O";"N";"O";"N";"O";"N";"N";"N";157;26;39;42;25;25
220;"ERS_3";"2010/2013";"F";1991;21;7;7;6;5;2;6;4;6;5;7;5;2;6;4;5;5;5;6;5;7;4;5;5;6;3;6;5;"O";"O";"O";"N";"O";"N";"N";"N";134;26;31;38;20;19
221;"ERS_3";"2010/2013";"F";1988;24;7;5;5;5;6;3;7;6;1;7;1;4;2;5;6;6;6;3;7;3;7;5;5;4;5;7;6;"O";"O";"N";"N";"O";"N";"N";"N";128;15;33;45;25;10
222;"ERS_3";"2010/2013";"F";1989;23;7;7;7;5;5;3;7;6;1;7;1;4;7;6;7;6;6;7;7;5;4;6;6;4;2;7;6;"N";"O";"N";"N";"O";"N";"N";"N";140;26;38;44;25;7
223;"ERS_3";"2010/2013";"F";1989;23;7;7;6;6;3;4;3;5;4;5;3;3;5;4;5;6;4;3;4;5;1;4;5;4;4;6;6;"O";"N";"O";"N";"N";"N";"N";"N";116;20;28;37;16;15
224;"ERS_3";"2010/2013";"F";1986;26;7;6;6;6;5;4;6;5;4;5;5;5;5;4;6;5;5;5;6;6;5;5;5;4;4;5;6;"O";"N";"O";"N";"N";"N";"N";"N";134;23;31;40;23;17
225;"ERS_3";"2010/2013";"F";1983;29;6;5;6;4;4;5;7;5;4;6;2;5;7;4;6;5;5;5;6;5;4;4;4;5;4;5;6;"O";"N";"O";"N";"O";"N";"N";"N";128;23;29;39;22;15
226;"ERS_3";"2010/2013";"F";1988;24;7;7;7;5;4;5;7;6;6;7;1;4;7;7;6;5;4;4;6;6;5;7;6;5;2;5;6;"O";"N";"O";"N";"N";"N";"N";"N";141;24;39;39;25;14
227;"ERS_3";"2010/2013";"F";1989;23;6;6;6;5;5;5;5;5;6;6;6;4;5;5;5;5;5;6;5;5;6;4;5;6;6;6;6;"O";"N";"O";"N";"N";"N";"N";"N";139;22;30;42;22;23
228;"ERS_3";"2010/2013";"F";1989;23;5;5;6;5;5;3;7;5;4;6;4;6;6;3;4;5;5;3;4;5;4;3;3;6;3;5;6;"N";"N";"N";"N";"N";"N";"N";"N";120;19;24;43;20;14
229;"ERS_3";"2010/2013";"F";1989;23;7;7;7;4;4;5;7;6;5;7;3;4;7;6;7;5;6;6;7;6;3;5;6;5;4;6;6;"O";"O";"N";"N";"N";"N";"N";"N";145;26;37;41;24;17
230;"ERS_3";"2010/2013";"F";1986;26;7;7;7;4;5;5;7;6;5;5;3;4;5;5;6;5;5;6;5;5;6;6;6;5;5;6;6;"O";"N";"O";"N";"N";"N";"N";"N";141;23;35;39;26;18
231;"ERS_3";"2010/2013";"F";1988;24;7;7;7;4;7;6;7;5;1;7;4;6;7;7;5;5;5;6;7;6;1;7;6;6;6;6;6;"O";"N";"O";"N";"N";"N";"N";"N";148;26;39;46;20;17
232;"ERS_3";"2010/2013";"F";1990;22;7;7;7;7;6;6;7;7;6;7;6;5;7;6;6;6;6;7;7;6;1;6;7;6;6;7;6;"O";"N";"O";"N";"N";"N";"N";"N";162;27;40;50;21;24
233;"ERS_3";"2010/2013";"M";1989;23;7;6;6;6;6;4;4;6;4;6;1;6;6;6;6;6;6;4;6;4;4;6;6;6;4;6;6;"O";"N";"O";"N";"N";"N";"N";"N";138;21;36;48;20;13
234;"ERS_3";"2010/2013";"F";1990;22;6;6;6;4;4;3;7;6;4;5;1;3;5;5;5;4;4;5;6;6;3;5;4;4;3;5;7;"O";"N";"O";"N";"N";"N";"N";"N";119;22;32;33;21;11
235;"ERS_3";"2010/2013";"F";1991;21;7;6;6;5;5;5;7;5;2;6;5;5;6;6;4;5;5;5;6;6;4;6;5;5;5;5;7;"O";"N";"O";"N";"N";"N";"N";"N";137;24;34;41;21;17
236;"ERS_3";"2010/2013";"F";1990;22;6;6;5;4;5;4;7;6;4;5;5;5;7;5;7;4;4;6;6;5;7;6;7;6;1;5;7;"O";"N";"O";"N";"N";"N";"N";"O";138;24;35;38;27;14
237;"ERS_3";"2010/2013";"M";1976;36;5;5;4;4;5;2;4;5;2;5;2;4;6;4;6;5;4;5;5;6;5;6;6;3;1;4;7;"N";"O";"N";"N";"N";"N";"N";"N";113;22;30;34;20;7
238;"ERS_3";"2010/2013";"F";1987;25;7;7;4;2;4;4;6;4;1;5;1;4;6;5;4;2;2;6;6;2;2;6;4;2;1;3;7;"O";"N";"O";"N";"N";"N";"N";"N";100;21;29;24;19;7
239;"ERS_3";"2010/2013";"F";1991;21;7;7;4;7;7;7;7;3;3;5;5;6;7;5;7;6;6;6;5;4;5;6;5;5;4;7;7;"O";"N";"O";"N";"N";"N";"N";"N";146;24;28;49;26;19
240;"ERS_3";"2010/2013";;;;7;7;6;7;5;7;7;7;4;7;5;3;7;4;7;4;3;1;3;6;7;6;7;4;6;5;8;;"N";"N";"N";"N";"N";"N";"N";142;21;33;38;28;22
241;"ERS_3";"2010/2013";"F";1962;50;6;7;7;4;3;6;7;7;7;5;1;1;7;6;7;1;3;7;7;3;7;6;7;1;1;4;8;"O";"N";"N";"N";"N";"N";"N";"N";128;23;40;22;28;15
242;"ERS_3";"2010/2013";"F";1988;24;7;5;4;4;5;6;3;6;7;6;5;4;4;5;5;5;5;6;6;5;2;5;5;4;3;6;9;"O";"N";"N";"N";"O";"N";"N";"N";128;22;31;39;15;21
243;"ERS_3";"2010/2013";"F";1983;29;7;6;3;1;4;7;1;7;4;5;2;5;3;6;5;3;2;6;4;6;2;5;3;6;5;3;9;"O";"N";"N";"N";"O";"N";"N";"N";111;22;28;29;14;18
244;"ERS_3";"2010/2013";"F";1988;24;6;4;4;3;1;5;6;5;3;5;4;1;2;4;3;1;4;5;6;2;1;4;4;2;5;3;9;"O";"N";"N";"N";"O";"N";"N";"N";93;15;27;20;14;17
245;"STR_3";"2010/2013";"F";1991;21;;;;;;;;;;;;;;;;;;;;;;;;;;;1;"N";"N";"N";"N";"N";"O";"N";"N";;;;;;
246;"STR_3";"2010/2013";"M";1988;24;7;4;5;7;7;7;1;7;7;7;7;7;7;7;7;7;7;7;7;7;1;4;7;7;7;7;1;"N";"N";"N";"N";"N";"O";"N";"N";162;28;37;56;13;28
247;"STR_3";"2010/2013";"M";1988;24;7;6;6;5;6;4;7;6;4;7;3;6;7;6;6;5;5;6;7;6;4;6;6;5;1;5;1;"N";"N";"N";"N";"N";"O";"N";"N";142;26;37;44;23;12
248;"STR_3";"2010/2013";"F";1987;25;7;7;7;4;5;5;7;7;5;7;4;4;7;7;5;4;4;5;7;5;4;7;6;4;4;4;1;"N";"N";"N";"N";"N";"O";"N";"N";142;24;41;36;23;18
249;"STR_3";"2010/2013";"M";1976;36;7;5;6;5;5;5;3;6;4;5;6;6;7;6;6;5;6;7;6;6;5;6;5;5;5;7;2;"N";"N";"N";"N";"N";"O";"N";"N";145;27;35;44;19;20
250;"STR_3";"2010/2013";"F";1987;25;7;5;5;4;4;3;2;4;4;6;1;2;2;4;5;4;4;6;5;1;1;3;4;4;5;5;2;"N";"N";"N";"N";"N";"O";"N";"N";100;16;25;33;13;13
251;"STR_3";"2010/2013";"F";1980;32;7;5;6;4;1;7;2;4;1;4;1;2;7;6;4;4;4;6;4;4;1;4;4;4;4;4;2;"O";"O";"O";"N";"N";"N";"N";"N";104;24;28;27;12;13
252;"STR_3";"2010/2013";"F";1975;37;4;4;7;7;7;7;5;6;7;7;1;6;7;7;1;7;7;4;7;7;1;7;7;5;1;5;2;"O";"N";"N";"N";"O";"N";"N";"N";141;22;41;51;11;16
253;"STR_3";"2010/2013";"F";1977;35;7;4;7;2;2;5;7;5;1;4;3;2;7;7;4;3;3;6;6;6;1;6;5;4;4;4;2;"O";"N";"O";"N";"N";"N";"N";"N";115;26;36;24;16;13
254;"STR_3";"2010/2013";"F";1981;31;7;5;4;4;6;5;7;6;1;5;1;5;7;5;1;6;7;5;5;5;7;6;7;5;5;7;2;"O";"O";"N";"N";"N";"N";"N";"N";134;24;33;45;20;12
255;"STR_3";"2010/2013";"F";1989;23;7;4;5;5;4;1;7;7;1;4;4;4;7;7;4;4;4;6;7;7;5;7;7;4;6;5;2;"N";"N";"N";"N";"N";"O";"N";"N";133;27;40;34;20;12
256;"STR_3";"2010/2013";"F";1991;21;7;7;6;7;3;3;7;4;3;5;2;3;7;6;5;6;6;5;4;6;5;7;6;5;4;5;2;"N";"N";"N";"N";"N";"N";"N";"N";134;25;33;40;24;12
257;"STR_3";"2010/2013";"M";1984;28;7;1;5;4;6;1;1;1;1;7;1;7;7;6;7;1;5;7;1;7;1;6;6;4;1;4;2;"N";"N";"N";"N";"N";"O";"N";"N";105;28;25;38;10;4
258;"STR_3";"2010/2013";"M";1988;24;7;4;6;5;4;4;5;5;3;6;2;4;7;4;5;4;4;5;6;4;2;5;5;2;1;5;2;"N";"N";"N";"N";"N";"O";"N";"N";114;23;31;34;16;10
259;"STR_3";"2010/2013";"F";1978;34;7;3;5;5;7;3;3;4;2;5;7;7;7;5;6;7;7;7;5;7;4;4;5;7;2;7;3;"O";"O";"N";"O";"O";"N";"N";"N";138;28;28;52;16;14
260;"STR_3";"2010/2013";"F";1986;26;7;4;5;3;5;2;7;3;2;4;5;5;5;2;2;4;3;4;3;2;6;1;3;3;1;3;3;"O";"O";"N";"O";"O";"N";"N";"N";94;18;17;30;19;10
261;"STR_3";"2010/2013";"F";1984;28;5;6;6;3;4;5;7;5;2;5;2;4;6;6;6;3;2;4;5;5;2;6;6;2;2;4;3;"O";"O";"O";"N";"O";"N";"N";"N";113;20;34;27;21;11
262;"STR_3";"2010/2013";"F";1972;40;7;6;6;7;4;5;5;5;4;4;5;5;3;3;3;6;6;6;6;4;3;5;6;6;6;5;3;"N";"N";"N";"N";"O";"N";"N";"N";131;20;31;43;17;20
263;"STR_3";"2010/2013";"F";1987;25;7;5;4;4;4;4;4;7;4;5;5;3;1;5;4;4;4;6;6;4;1;4;7;4;1;3;3;"O";"O";"N";"O";"O";"N";"N";"N";110;18;33;31;14;14
264;"STR_3";"2010/2013";"F";1988;24;7;7;5;5;7;7;7;7;6;7;4;7;7;6;7;4;6;6;4;4;1;7;6;7;4;7;3;"N";"N";"N";"N";"N";"O";"N";"N";152;24;35;50;22;21
265;"STR_3";"2010/2013";"F";1989;23;4;7;6;5;4;1;7;3;1;7;1;4;6;4;7;4;5;2;2;3;1;2;2;5;1;3;3;"N";"N";"N";"N";"N";"O";"N";"N";97;15;19;37;22;4
266;"STR_3";"2010/2013";"F";1964;48;4;4;6;4;1;2;5;2;1;2;4;1;2;7;4;2;2;2;4;4;2;7;4;2;2;4;3;"N";"N";"N";"N";"N";"N";"N";"N";84;12;30;18;15;9
267;"STR_3";"2010/2013";"M";1987;25;5;7;6;7;5;2;2;4;1;2;1;5;7;7;7;5;6;7;2;3;1;7;7;4;5;6;3;"N";"N";"N";"N";"N";"O";"N";"N";121;22;33;40;17;9
268;"STR_3";"2010/2013";"M";1978;34;7;4;4;5;7;1;7;6;1;7;1;7;7;2;7;4;7;7;7;7;3;5;7;7;2;6;3;"N";"N";"N";"N";"N";"O";"N";"N";135;28;31;50;21;5
269;"STR_3";"2010/2013";;;;7;7;7;7;7;5;4;6;2;7;5;7;7;6;7;6;7;7;7;7;4;7;7;7;5;5;4;"O";"N";"N";"N";"N";"N";"N";"N";160;28;40;53;22;17
270;"STR_3";"2010/2013";;;;5;6;5;5;4;5;6;5;7;6;6;4;4;4;4;4;5;4;5;3;1;4;4;4;6;4;4;"O";"N";"N";"N";"N";"N";"N";"N";120;16;27;36;17;24
271;"STR_3";"2010/2013";"F";1984;28;7;7;6;4;5;4;6;7;7;7;7;5;7;7;6;5;5;5;7;6;5;7;6;6;5;4;4;"O";"N";"N";"N";"N";"N";"N";"N";153;25;40;41;24;23
272;"STR_3";"2010/2013";"F";1986;26;7;7;7;6;5;5;7;7;5;7;5;4;7;7;7;5;7;7;7;5;6;7;7;5;4;5;4;"N";"N";"N";"N";"N";"N";"N";"O";158;26;42;44;27;19
273;"STR_3";"2010/2013";"F";1990;22;4;4;6;3;7;4;3;5;4;3;1;2;6;4;4;2;2;3;4;3;3;3;4;4;4;4;4;"N";"N";"N";"N";"N";"N";"N";"N";96;16;26;27;14;13
274;"STR_3";"2010/2013";"F";1990;22;4;6;6;4;4;5;6;5;4;6;3;5;6;4;6;6;5;3;5;2;4;5;5;5;5;6;4;"N";"N";"N";"N";"N";"O";"N";"N";125;15;30;41;22;17
275;"STR_3";"2010/2013";"F";1991;21;5;4;4;2;1;4;7;4;4;5;7;1;4;1;5;4;4;3;4;3;5;4;3;4;5;4;4;"O";"N";"N";"N";"N";"N";"N";"N";101;15;20;25;21;20
276;"STR_3";"2010/2013";"M";1980;32;6;6;4;4;5;1;4;4;1;6;1;4;5;2;5;4;4;3;5;3;2;1;4;4;4;6;4;"N";"N";"N";"N";"N";"N";"N";"O";98;17;20;37;17;7
277;"STR_3";"2010/2013";"F";1977;35;7;3;4;4;2;3;7;4;4;6;2;3;6;5;5;6;5;6;4;5;6;4;6;3;2;4;5;"O";"N";"N";"N";"N";"N";"N";"O";116;24;27;33;21;11
278;"STR_3";"2010/2013";"F";1984;28;7;3;6;4;5;6;2;4;4;7;2;1;7;4;7;4;4;2;4;5;1;4;4;2;4;5;5;"O";"N";"N";"N";"N";"N";"N";"O";108;21;26;32;13;16
279;"STR_3";"2010/2013";"F";1990;22;6;5;7;3;2;5;6;6;6;6;1;2;5;5;4;3;5;4;6;4;4;6;6;5;5;5;5;"O";"N";"N";"N";"O";"N";"N";"O";122;19;36;31;19;17
280;"STR_3";"2010/2013";"F";1991;21;7;7;5;1;4;7;7;5;4;5;5;3;5;7;7;5;5;4;4;3;4;7;4;4;5;6;5;"O";"N";"N";"N";"N";"N";"N";"N";130;19;32;33;25;21
281;"STR_3";"2010/2013";"F";1988;24;7;7;7;4;5;7;7;7;4;7;7;5;7;7;7;6;6;7;7;7;4;7;7;5;7;6;5;"O";"N";"N";"N";"O";"N";"N";"N";164;28;42;44;25;25
282;"STR_3";"2010/2013";"M";1991;21;5;5;7;4;6;7;7;5;7;6;7;4;5;7;7;3;6;5;6;4;4;6;6;3;1;4;5;"O";"N";"N";"N";"N";"N";"N";"N";137;19;37;36;23;22
283;"STR_3";"2010/2013";"F";1990;22;7;7;7;4;6;6;7;7;1;7;6;5;7;7;7;5;5;7;7;7;6;7;7;5;7;5;5;"N";"N";"N";"N";"N";"O";"N";"N";159;28;42;42;27;20
284;"STR_3";"2010/2013";"F";1990;22;7;6;7;3;5;6;7;7;1;7;1;3;7;7;7;3;4;7;7;7;4;7;7;3;1;3;5;"O";"O";"N";"N";"N";"N";"N";"N";134;28;42;31;24;9
285;"STR_3";"2010/2013";"F";1991;21;7;6;6;4;4;6;7;5;3;6;1;4;7;5;6;3;3;4;6;4;4;5;5;4;5;6;5;"O";"N";"O";"N";"N";"N";"N";"N";126;22;32;34;23;15
286;"STR_3";"2010/2013";"F";1983;29;6;5;7;1;4;6;1;7;7;6;1;1;4;3;7;2;2;7;3;6;2;2;2;2;1;3;5;"N";"N";"N";"N";"N";"N";"N";"N";98;23;24;21;15;15
287;"STR_3";"2010/2013";"F";1976;36;7;7;7;5;5;3;7;7;1;7;1;5;7;5;7;5;5;7;7;7;7;5;7;5;5;5;6;"N";"N";"N";"N";"N";"O";"N";"N";146;28;38;42;28;10
288;"STR_3";"2010/2013";;1992;20;7;7;7;4;5;1;4;1;5;4;3;3;7;1;7;5;6;4;4;4;6;1;3;6;1;5;6;"N";"N";"N";"N";"N";"N";"N";"O";111;22;17;38;24;10
289;"STR_3";"2010/2013";"M";1986;26;7;1;7;7;7;1;1;1;1;7;1;7;7;4;7;7;7;7;7;7;1;4;4;7;1;7;6;"O";"N";"N";"N";"O";"N";"N";"N";125;28;27;56;10;4
290;"STR_3";"2010/2013";"M";1988;24;5;7;5;3;4;1;3;3;6;6;2;6;6;1;5;3;4;2;2;5;5;3;3;3;5;6;6;"O";"O";"N";"N";"N";"N";"N";"O";104;18;17;35;20;14
291;"STR_3";"2010/2013";"M";1987;25;7;7;7;6;7;4;6;4;4;6;1;7;7;5;7;5;5;4;5;6;7;5;6;5;1;5;6;"O";"N";"N";"N";"O";"N";"N";"N";139;24;32;46;27;10
292;"STR_3";"2010/2013";"F";1988;24;7;4;6;3;4;1;4;4;1;6;3;3;7;4;4;4;3;7;6;4;1;4;4;4;1;4;6;"N";"O";"N";"N";"N";"N";"N";"N";103;25;28;31;13;6
293;"STR_3";"2010/2013";"F";1990;22;6;7;4;4;4;1;7;3;1;5;1;4;6;4;7;5;4;4;4;3;4;5;3;3;1;3;6;"N";"N";"N";"N";"N";"N";"N";"N";103;19;23;32;25;4
294;"STR_3";"2010/2013";"F";1991;21;7;7;6;4;5;6;7;5;5;6;2;5;7;5;6;4;4;4;5;3;7;5;5;4;5;4;6;"O";"N";"N";"N";"N";"N";"N";"O";133;21;31;36;27;18
295;"STR_3";"2010/2013";"F";1989;23;7;4;5;5;4;2;2;4;2;4;2;4;7;5;3;3;4;6;4;4;5;4;5;5;4;7;6;"N";"N";"N";"N";"N";"O";"N";"N";111;24;27;36;14;10
296;"STR_3";"2010/2013";"M";1987;25;6;5;5;3;4;4;5;5;6;5;1;4;2;4;5;3;4;6;5;5;4;5;5;4;3;4;6;"N";"N";"N";"N";"N";"O";"N";"N";112;19;29;31;19;14
297;"STR_3";"2010/2013";"M";;;6;6;4;4;5;1;7;5;3;7;1;3;7;1;3;3;3;5;5;5;7;5;5;4;1;3;6;"N";"N";"N";"N";"N";"N";"N";"O";109;23;25;32;23;6
298;"STR_3";"2010/2013";"F";1989;23;5;6;4;5;6;6;6;6;4;7;6;6;7;6;7;5;5;7;7;4;5;7;6;7;5;5;7;"N";"N";"N";"N";"O";"N";"N";"N";150;23;36;46;24;21
299;"STR_3";"2010/2013";"F";1989;23;7;6;7;7;7;4;4;7;4;7;7;7;7;7;7;5;5;6;7;5;4;7;7;7;5;6;7;"N";"N";"N";"N";"N";"N";"N";"N";159;25;42;51;21;20
300;"STR_3";"2010/2013";"F";1988;24;5;2;4;2;6;2;4;4;1;6;1;6;6;6;2;4;4;2;5;3;2;6;6;3;1;3;7;"N";"N";"N";"N";"N";"O";"N";"N";96;16;31;34;10;5
301;"STR_3";"2010/2013";"F";1990;22;7;7;6;5;5;4;7;5;1;7;1;5;7;5;7;4;4;4;6;4;5;7;6;4;4;5;7;"N";"N";"N";"N";"N";"N";"N";"N";132;22;35;39;26;10
302;"STR_3";"2010/2013";"F";1984;28;7;6;6;5;5;5;7;5;5;5;6;5;7;6;5;5;5;5;6;6;4;5;5;5;6;6;7;"N";"N";"N";"N";"N";"N";"N";"N";143;25;33;41;22;22
303;"STR_3";"2010/2013";"M";1987;25;7;4;4;7;7;1;5;2;1;7;1;7;5;1;5;4;3;1;3;4;4;3;4;4;1;7;7;"N";"N";"N";"N";"N";"N";"N";"N";102;17;17;46;18;4
304;"STR_3";"2010/2013";"F";1991;21;7;5;4;7;7;1;4;3;1;7;7;7;7;5;7;6;6;1;4;4;4;4;3;4;1;7;7;"N";"O";"N";"N";"N";"N";"N";"N";123;19;23;51;20;10
305;"STR_3";"2010/2013";"F";1990;22;7;7;6;5;6;4;1;4;3;5;3;7;7;4;7;5;5;5;4;3;7;3;5;4;7;5;7;"N";"O";"N";"N";"N";"N";"N";"N";129;22;26;42;22;17
306;"STR_3";"2010/2013";"F";1986;26;7;7;7;4;6;1;3;2;1;7;1;5;7;6;7;2;5;6;4;7;1;5;1;1;1;4;7;"N";"N";"N";"N";"N";"N";"N";"N";108;27;25;34;18;4
307;"STR_3";"2010/2013";"F";1981;31;7;7;7;5;4;4;7;5;1;4;1;4;7;7;5;3;7;5;7;4;5;7;6;4;1;5;7;"O";"N";"N";"N";"O";"N";"N";"N";129;23;39;36;24;7
308;"STR_3";"2010/2013";"F";1990;22;7;4;6;4;3;4;3;5;6;6;5;3;4;5;4;2;2;5;5;4;4;6;6;4;4;4;7;"N";"N";"N";"N";"N";"N";"N";"N";115;20;33;28;15;19
309;"STR_3";"2010/2013";"F";1987;25;7;3;4;3;5;3;2;3;2;5;2;1;7;1;7;4;5;3;2;1;1;1;2;3;1;2;8;"N";"N";"N";"N";"N";"O";"N";"N";80;18;13;28;13;8
310;"STR_3";"2010/2013";"F";1988;24;7;2;4;5;7;2;7;2;1;4;1;7;4;3;1;6;5;2;2;4;2;3;3;2;1;4;8;"N";"N";"N";"N";"N";"N";"N";"O";91;17;17;40;12;5
311;"STR_3";"2010/2013";"F";1978;34;7;1;5;7;4;2;1;4;1;1;1;3;7;5;1;1;1;3;1;1;1;1;1;1;1;1;8;"O";"N";"N";"N";"N";"N";"N";"N";63;18;17;19;4;5
312;"STR_3";"2010/2013";"M";1981;31;7;4;7;7;7;6;7;5;4;7;7;6;7;5;4;5;5;5;6;5;7;5;4;5;3;5;8;"N";"O";"N";"N";"N";"N";"N";"N";145;24;32;47;22;20
313;"STR_3";"2010/2013";"F";1988;24;7;4;3;7;2;3;4;4;2;6;1;1;5;2;2;2;4;5;3;3;3;2;2;4;5;6;8;"N";"N";"N";"N";"N";"N";"N";"N";92;20;16;32;13;11
314;"STR_3";"2010/2013";"F";1990;22;7;6;4;2;5;3;5;5;4;7;1;4;7;3;2;3;3;2;4;5;4;6;5;4;1;3;8;"N";"N";"N";"N";"N";"O";"N";"O";105;21;27;31;17;9
315;"STR_3";"2010/2013";"F";1988;24;7;7;7;4;4;3;7;5;3;6;3;3;7;2;4;2;3;3;6;5;3;4;4;4;2;4;8;"N";"N";"N";"N";"N";"N";"N";"O";112;22;28;30;21;11
316;"STR_3";"2010/2013";"F";1989;23;7;7;6;5;4;1;3;5;6;7;6;2;4;3;3;2;2;5;6;3;1;1;5;1;5;4;8;"N";"O";"N";"N";"N";"N";"N";"N";104;19;26;27;14;18
317;"STR_3";"2010/2013";"F";1989;23;7;6;1;3;1;1;1;4;7;7;1;1;7;7;6;5;5;4;5;5;1;6;5;1;1;7;8;;"N";"N";"N";"N";"N";"N";"O";105;23;28;30;14;10
318;"STR_3";"2010/2013";"F";1991;21;5;5;3;4;3;2;6;4;2;4;2;3;5;3;7;3;3;4;4;5;2;3;2;2;2;3;8;"N";"N";"N";"N";"N";"N";"N";"O";91;19;19;25;20;8
319;"STR_3";"2010/2013";"F";1983;29;7;2;5;4;3;6;3;6;6;6;2;4;7;6;5;3;3;6;4;7;3;6;6;3;2;3;8;"N";"N";"N";"N";"N";"O";"N";"N";118;27;33;29;13;16
320;"ERS_2";"2011/2014";"F";1972;40;7;5;6;6;6;4;6;7;1;6;5;4;7;7;6;5;6;7;7;6;4;7;7;6;5;6;1;"N";"N";"N";"N";"O";"N";"N";"N";149;27;41;45;21;15
321;"ERS_2";"2011/2014";"M";1987;25;7;6;7;5;5;5;7;7;5;7;5;6;7;7;7;5;6;7;7;6;4;7;7;5;5;7;1;"O";"N";"N";"O";"N";"N";"O";"N";159;27;42;46;24;20
322;"ERS_2";"2011/2014";"M";1984;28;7;7;7;4;4;5;6;7;4;6;5;4;7;7;6;4;4;5;7;6;4;6;6;4;4;5;1;"O";"N";"N";"O";"N";"N";"O";"N";141;25;40;35;23;18
323;"ERS_2";"2011/2014";"M";1971;41;7;7;7;5;5;6;7;7;6;7;4;5;5;7;5;5;6;7;7;7;6;5;6;5;4;5;1;"N";"N";"N";"O";"N";"N";"N";"N";153;26;39;43;25;20
324;"ERS_2";"2011/2014";"M";1967;45;7;6;6;5;7;5;7;6;4;7;1;6;5;6;7;5;6;5;7;6;5;6;5;6;4;6;1;"O";"O";"N";"N";"O";"N";"N";"N";146;23;36;48;25;14
325;"ERS_2";"2011/2014";"F";1990;22;7;6;6;4;2;5;7;7;6;5;5;2;4;6;5;4;4;6;7;7;5;6;7;3;6;5;2;"N";"N";"N";"O";"O";"N";"O";"N";137;24;39;29;23;22
326;"ERS_2";"2011/2014";"F";1970;42;7;7;7;6;6;5;7;7;1;6;4;4;7;7;6;4;6;7;7;5;1;6;7;5;1;6;2;"O";"N";"N";"O";"O";"N";"O";"N";142;26;41;43;21;11
327;"ERS_2";"2011/2014";"F";1992;20;7;7;6;5;5;6;7;7;7;7;7;6;6;6;6;6;6;6;7;6;7;7;7;6;6;6;2;"N";"N";"N";"N";"O";"N";"O";"N";165;25;40;47;27;26
328;"ERS_2";"2011/2014";"F";1990;22;7;6;6;4;5;7;7;7;6;7;5;4;7;7;6;6;6;7;7;6;4;7;6;6;7;6;2;"N";"N";"N";"O";"O";"N";"O";"N";159;27;40;44;23;25
329;"ERS_2";"2011/2014";"F";1992;20;7;7;6;5;6;7;6;6;6;7;1;7;7;7;7;7;5;7;7;6;7;7;7;5;7;6;2;"O";"N";"N";"N";"O";"N";"N";"N";163;27;40;48;27;21
330;"ERS_2";"2011/2014";"F";1988;24;7;7;6;5;5;6;6;7;5;7;7;6;7;7;6;5;6;7;7;6;7;7;7;7;6;7;2;"N";"N";"N";"N";"N";"O";"N";"N";166;27;41;48;26;24
331;"ERS_2";"2011/2014";"F";1992;20;7;7;6;6;6;7;7;7;1;7;1;6;6;7;6;6;6;7;7;6;6;7;6;6;7;6;2;"O";"N";"N";"N";"O";"N";"N";"N";157;26;40;49;26;16
332;"ERS_2";"2011/2014";"F";1984;28;6;6;6;4;4;5;5;5;3;4;3;4;6;5;5;4;4;5;5;4;5;5;5;5;4;5;2;"N";"N";"N";"N";"N";"N";"N";"N";122;21;31;34;21;15
333;"ERS_2";"2011/2014";"F";1988;24;7;7;6;5;5;5;7;7;6;7;6;6;5;5;6;5;4;5;6;4;3;6;7;4;3;4;2;"N";"N";"N";"N";"O";"N";"N";"N";141;21;37;40;23;20
334;"ERS_2";"2011/2014";"F";1986;26;7;6;5;5;4;7;6;7;7;5;5;4;7;6;5;5;5;6;7;6;5;7;7;5;7;6;2;"N";"N";"N";"N";"O";"N";"N";"N";152;26;39;39;22;26
335;"ERS_2";"2011/2014";"F";1992;20;6;6;5;4;5;5;6;6;5;5;4;4;6;5;6;5;5;6;5;6;4;5;4;4;5;5;2;"N";"O";"N";"N";"O";"N";"N";"N";132;24;30;37;22;19
336;"ERS_2";"2011/2014";;;;7;5;4;4;4;4;6;6;4;5;3;4;5;6;5;4;5;6;5;4;3;6;5;4;6;5;2;"N";"N";"N";"N";"O";"N";"N";"N";125;22;32;35;19;17
337;"ERS_2";"2011/2014";"F";1983;29;7;5;7;5;4;5;5;7;4;5;3;4;5;5;5;4;4;4;7;4;4;7;7;4;7;4;3;"N";"N";"N";"N";"N";"O";"N";"N";132;20;40;34;19;19
338;"ERS_2";"2011/2014";"F";1992;20;7;5;4;4;4;4;7;7;4;7;7;5;7;5;6;5;5;7;6;4;4;6;5;5;6;6;3;"O";"N";"O";"N";"N";"N";"N";"N";142;25;33;41;22;21
339;"ERS_2";"2011/2014";"F";1991;21;5;6;5;4;4;4;4;4;4;5;4;4;6;4;6;5;4;4;5;4;4;4;5;6;4;6;3;"O";"N";"N";"N";"O";"N";"N";"N";120;19;27;38;20;16
340;"ERS_2";"2011/2014";"F";1991;21;7;4;5;4;3;6;6;6;6;6;6;4;7;4;6;5;4;6;6;6;4;6;6;5;6;5;3;"N";"N";"N";"O";"O";"N";"N";"N";139;26;33;36;20;24
341;"ERS_2";"2011/2014";"F";1991;21;5;7;6;5;6;7;7;7;4;6;3;5;6;7;6;5;5;5;7;6;7;6;6;5;5;6;3;"N";"O";"N";"N";"N";"N";"N";"N";150;22;39;43;27;19
342;"ERS_2";"2011/2014";"F";1992;20;7;6;6;4;4;4;4;7;4;7;5;4;6;5;6;5;5;5;7;5;3;6;7;5;4;7;3;"N";"N";"N";"N";"N";"N";"N";"N";138;23;38;41;19;17
343;"ERS_2";"2011/2014";"F";1991;21;7;7;6;5;6;7;7;7;4;7;4;6;7;7;7;5;4;6;7;4;2;6;6;5;4;4;3;"N";"N";"N";"N";"N";"N";"O";"N";147;24;39;42;23;19
344;"ERS_2";"2011/2014";"F";1990;22;7;7;6;4;4;5;5;6;4;6;4;4;5;5;6;4;3;4;5;4;4;5;5;4;5;4;3;"N";"N";"N";"N";"N";"O";"N";"N";125;20;32;33;22;18
345;"ERS_2";"2011/2014";"F";1992;20;7;6;7;6;4;5;7;6;5;6;3;4;5;5;6;5;5;5;6;5;5;5;4;4;3;4;3;"N";"N";"N";"N";"O";"N";"N";"N";133;22;33;38;24;16
346;"ERS_2";"2011/2014";"F";1968;44;7;7;6;5;5;6;6;6;5;6;4;5;7;6;6;5;6;7;6;6;4;5;7;6;6;6;3;"O";"N";"N";"N";"O";"N";"N";"N";151;27;36;44;23;21
347;"ERS_2";"2011/2014";"F";1992;20;7;7;7;4;6;5;7;6;4;7;6;6;7;7;7;6;6;4;6;4;5;6;5;5;5;5;3;"O";"N";"N";"N";"O";"N";"N";"N";150;22;37;45;26;20
348;"ERS_2";"2011/2014";"F";1990;22;7;7;5;4;4;7;7;7;2;7;3;4;4;7;7;4;5;7;7;5;5;7;7;4;6;7;4;"N";"N";"N";"N";"O";"O";"N";"N";146;23;40;39;26;18
349;"ERS_2";"2011/2014";"F";1991;21;7;7;5;4;4;6;7;7;1;7;1;4;7;6;6;5;4;7;7;5;7;6;6;5;4;6;4;"N";"N";"N";"N";"N";"N";"N";"N";141;26;37;39;27;12
350;"ERS_2";"2011/2014";"F";1991;21;6;7;6;5;5;5;4;6;5;7;1;5;6;5;6;5;5;6;6;6;4;5;6;6;5;5;4;"O";"N";"N";"N";"N";"N";"N";"N";138;24;34;43;21;16
351;"ERS_2";"2011/2014";"F";1991;21;5;7;7;5;3;4;1;7;5;7;4;3;7;4;6;4;3;6;6;5;4;6;5;5;5;5;4;"O";"N";"N";"N";"O";"N";"N";"N";129;23;35;35;18;18
352;"ERS_2";"2011/2014";"F";1991;21;7;7;5;4;4;4;7;6;5;6;3;4;7;5;6;4;4;5;7;3;1;5;5;4;4;5;4;"O";"N";"N";"N";"N";"N";"N";"N";127;22;33;35;21;16
353;"ERS_2";"2011/2014";"F";1976;36;7;7;2;7;5;7;7;7;7;5;7;3;7;4;7;4;3;7;7;4;7;7;7;5;4;7;4;"N";"N";"N";"N";"O";"N";"N";"N";151;25;34;39;28;25
354;"ERS_2";"2011/2014";"F";1990;22;7;7;7;5;4;5;6;7;4;6;4;2;7;7;7;4;4;7;7;4;4;6;7;4;4;4;4;"N";"N";"N";"N";"N";"N";"N";"N";140;25;41;33;24;17
355;"ERS_2";"2011/2014";"F";1990;22;7;6;5;4;4;5;1;4;5;6;6;4;5;5;6;4;4;5;7;3;2;4;5;4;5;5;4;"O";"N";"N";"N";"N";"N";"N";"N";121;20;30;35;15;21
356;"ERS_2";"2011/2014";"F";1989;23;7;7;7;4;1;7;7;7;5;7;4;5;7;7;7;4;3;7;7;7;1;4;7;4;3;4;4;"O";"N";"N";"O";"N";"N";"O";"N";140;28;39;32;22;19
357;"ERS_2";"2011/2014";"F";1991;21;6;6;5;4;5;7;7;7;6;7;5;5;6;7;6;5;7;7;7;5;5;7;6;5;4;6;4;"O";"N";"N";"O";"N";"N";"O";"N";153;24;39;44;24;22
358;"ERS_2";"2011/2014";"F";1987;25;7;7;6;2;2;5;7;6;5;3;3;3;4;5;5;3;3;6;7;5;3;5;7;3;4;4;4;"N";"N";"N";"O";"N";"N";"N";"N";120;22;36;23;22;17
359;"ERS_2";"2011/2014";;;;7;7;4;4;4;5;5;6;4;6;7;4;7;7;7;5;4;6;6;6;6;7;5;5;4;5;5;;"N";"N";"N";"N";"N";"N";"N";143;26;35;37;25;20
360;"ERS_2";"2011/2014";"F";1989;23;7;6;6;4;5;5;2;6;6;6;4;6;7;6;6;5;5;6;7;6;2;6;7;5;7;6;5;"N";"N";"N";"N";"N";"N";"N";"N";144;26;38;42;16;22
361;"ERS_2";"2011/2014";"F";1988;24;4;4;4;4;3;6;5;5;6;5;5;4;4;5;5;4;4;5;5;5;3;6;"5";4;5;4;5;"O";"O";"O";"N";"N";"N";"N";"N";114;18;30;32;17;22
362;"ERS_2";"2011/2014";"F";1992;20;7;7;5;4;4;7;7;7;7;7;7;4;5;4;5;4;4;7;7;5;2;4;"5";5;6;5;5;"N";"O";"N";"N";"N";"N";"N";"N";141;24;32;37;21;27
363;"ERS_2";"2011/2014";"F";1992;20;7;5;7;4;4;5;7;7;4;6;5;4;6;5;6;5;4;5;6;6;4;5;"5";4;6;5;5;"N";"O";"N";"N";"N";"N";"N";"N";137;24;35;36;22;20
364;"ERS_2";"2011/2014";"F";1992;20;7;5;6;6;4;7;6;6;6;7;1;4;5;6;5;4;4;7;7;6;2;7;7;5;2;6;5;"N";"N";"N";"N";"O";"N";"N";"N";138;25;39;40;18;16
365;"ERS_2";"2011/2014";"F";1990;22;7;6;6;5;5;7;7;6;6;6;6;5;6;7;6;5;5;7;6;5;6;7;6;5;6;5;5;"N";"N";"N";"N";"O";"N";"N";"N";154;25;38;41;25;25
366;"ERS_2";"2011/2014";"F";1990;22;6;5;6;4;4;7;6;6;7;7;6;4;6;6;7;6;6;7;7;6;7;6;6;6;6;6;5;"N";"N";"N";"N";"N";"O";"N";"N";156;25;37;43;25;26
367;"ERS_2";"2011/2014";"F";1990;22;7;6;6;4;5;6;7;6;3;6;5;4;4;5;6;6;5;7;6;5;6;7;6;5;6;6;5;"N";"N";"N";"N";"N";"O";"N";"N";145;23;36;41;25;20
368;"ERS_2";"2011/2014";"M";1968;44;7;7;6;5;5;5;7;7;6;7;4;6;7;7;7;6;7;7;7;6;6;7;7;7;5;7;5;"N";"N";"N";"N";"N";"O";"N";"N";165;27;41;50;27;20
369;"ERS_2";"2011/2014";"F";1983;29;7;7;7;5;3;5;7;7;7;5;5;5;5;5;5;4;5;5;7;5;4;5;7;4;4;5;5;"N";"N";"N";"N";"N";"O";"N";"N";140;22;38;36;23;21
370;"ERS_2";"2011/2014";"F";1990;22;6;5;6;5;7;6;5;6;5;6;5;7;6;6;5;5;5;6;6;5;5;6;6;6;5;6;6;"N";"N";"N";"N";"N";"O";"N";"N";147;23;36;47;20;21
371;"ERS_2";"2011/2014";"F";1986;26;7;7;7;5;5;1;1;7;1;7;1;5;7;7;7;5;4;3;7;7;4;7;7;4;1;7;6;"N";"N";"N";"N";"N";"O";"N";"N";131;24;42;42;19;4
372;"ERS_2";"2011/2014";"F";;;5;4;5;4;5;4;4;5;4;5;4;5;4;6;4;5;4;5;4;5;4;5;5;4;4;4;6;"N";"N";"N";"N";"N";"O";"N";"N";117;19;30;36;16;16
373;"ERS_2";"2011/2014";"F";1992;20;6;6;7;5;4;6;7;7;6;6;5;4;6;6;6;5;5;6;6;4;4;5;5;4;5;5;6;"N";"N";"N";"N";"N";"O";"N";"N";141;22;36;38;23;22
374;"ERS_2";"2011/2014";"F";1990;22;6;5;5;5;7;6;6;6;5;6;4;6;6;6;6;6;5;5;5;6;5;4;6;5;4;5;6;"N";"N";"N";"N";"N";"O";"N";"N";141;23;32;45;22;19
375;"ERS_2";"2011/2014";"F";1991;21;7;5;5;5;3;3;7;4;4;5;5;5;5;5;6;4;4;5;4;4;6;6;5;4;5;4;6;"N";"N";"N";"N";"N";"O";"N";"N";125;21;29;34;24;17
376;"ERS_2";"2011/2014";"F";1990;22;7;6;7;6;3;6;7;7;6;6;4;1;5;7;4;2;4;7;7;4;4;7;7;4;1;6;6;"N";"N";"N";"N";"N";"O";"N";"N";135;23;42;32;21;17
377;"ERS_2";"2011/2014";"F";1976;36;7;7;7;5;4;5;4;7;4;6;6;4;7;6;7;4;4;7;7;7;3;7;7;6;5;6;6;"N";"N";"N";"N";"N";"O";"N";"N";149;28;41;39;21;20
378;"ERS_2";"2011/2014";"F";1991;21;7;7;7;4;4;6;7;7;7;7;1;4;7;7;6;4;4;7;7;7;1;7;7;4;1;7;6;"N";"N";"N";"N";"N";"O";"N";"N";144;28;42;38;21;15
379;"ERS_2";"2011/2014";"F";1989;23;7;7;6;5;4;6;6;6;4;5;3;3;3;5;6;3;4;6;6;5;4;5;5;3;2;5;6;"N";"N";"N";"N";"N";"O";"N";"N";124;21;33;32;23;15
380;"BRU_3";"2010/2013";"F";1990;22;5;5;4;4;4;7;6;7;6;6;6;6;5;6;6;5;5;6;6;3;4;6;6;5;6;6;1;"N";"N";"N";"N";"N";"O";"N";"N";141;19;35;41;21;25
381;"BRU_3";"2010/2013";"F";1989;23;7;1;1;4;1;4;1;7;1;4;5;1;1;4;4;4;4;7;7;4;1;4;4;4;4;4;1;"N";"N";"N";"N";"N";"O";"N";"N";93;19;27;26;7;14
382;"BRU_3";"2010/2013";"F";1991;21;7;6;4;5;3;7;5;6;7;6;6;3;5;5;5;4;5;6;6;4;5;5;6;4;6;5;1;"N";"N";"N";"N";"N";"O";"N";"N";136;22;32;35;21;26
383;"BRU_3";"2010/2013";"F";1990;22;7;6;7;6;6;6;7;7;7;6;6;5;4;6;6;5;5;7;7;5;6;7;7;5;7;6;2;"N";"O";"N";"O";"N";"N";"N";"N";159;23;41;44;25;26
384;"BRU_3";"2010/2013";"F";1991;21;7;6;6;6;5;6;7;6;6;6;6;6;7;6;6;6;6;7;6;6;6;7;6;5;7;6;2;"N";"O";"N";"N";"N";"N";"N";"N";160;27;37;46;25;25
385;"BRU_3";"2010/2013";"F";1991;21;5;7;3;4;4;5;7;5;5;5;3;3;1;4;7;5;3;5;4;5;1;6;6;3;7;4;2;"O";"O";"N";"N";"O";"N";"N";"N";117;16;28;31;22;20
386;"BRU_3";"2010/2013";"F";1989;23;7;7;6;5;4;6;7;7;6;6;1;4;6;5;7;5;5;4;6;4;3;4;5;4;5;5;2;"O";"O";"N";"N";"O";"N";"N";"N";134;21;33;38;24;18
387;"BRU_3";"2010/2013";"F";1989;23;6;4;4;4;4;4;6;5;5;5;3;4;6;5;5;4;5;4;5;5;5;5;6;5;5;4;2;"O";"N";"N";"N";"O";"N";"N";"N";123;21;30;35;20;17
388;"BRU_3";"2010/2013";"F";1990;22;7;6;6;5;3;5;7;7;6;4;4;3;7;4;5;5;4;7;6;4;3;4;7;1;4;7;2;"O";"N";"N";"O";"O";"N";"N";"N";131;25;34;32;21;19
389;"BRU_3";"2010/2013";"F";1990;22;7;6;5;4;2;2;6;6;2;6;2;2;6;7;5;2;5;7;7;4;6;7;6;2;4;7;2;"O";"N";"O";"N";"N";"N";"N";"N";125;24;38;30;23;10
390;"BRU_3";"2010/2013";"M";1969;43;5;7;7;6;4;7;7;7;7;7;1;4;7;7;7;1;4;6;7;7;1;7;7;4;7;7;2;"O";"N";"N";"N";"N";"N";"N";"N";148;25;42;37;22;22
391;"BRU_3";"2010/2013";"F";1990;22;2;7;4;7;5;7;2;7;2;7;1;5;2;7;5;5;5;7;7;4;2;7;5;2;1;7;3;"N";"N";"N";"N";"O";"N";"N";"N";122;15;37;43;16;11
392;"BRU_3";"2010/2013";"F";1990;22;6;5;3;5;5;6;6;6;3;5;3;2;5;5;5;2;2;4;6;4;3;5;4;2;4;4;3;"N";"N";"N";"N";"O";"N";"N";"N";110;19;29;27;19;16
393;"BRU_3";"2010/2013";"F";1990;22;6;3;3;5;4;6;7;4;6;6;2;4;6;3;6;5;5;7;7;5;5;5;4;5;2;3;3;"N";"N";"N";"N";"N";"O";"N";"N";124;24;26;37;21;16
394;"BRU_3";"2010/2013";"F";1985;27;7;6;7;4;5;6;3;7;3;6;5;4;7;6;7;5;6;6;5;5;4;5;6;5;4;5;3;"N";"N";"N";"N";"O";"N";"N";"N";139;25;36;40;20;18
395;"BRU_3";"2010/2013";"F";1991;21;7;5;5;4;3;4;6;5;5;5;3;2;5;4;5;4;3;5;5;5;5;4;5;4;5;6;3;"O";"N";"O";"N";"N";"N";"N";"N";119;22;28;31;21;17
396;"BRU_3";"2010/2013";"F";1989;23;7;6;6;4;4;2;7;6;4;6;4;5;7;5;7;6;5;5;5;4;1;4;4;5;5;4;3;"O";"N";"N";"N";"O";"N";"N";"N";128;23;30;39;21;15
397;"BRU_3";"2010/2013";"F";1990;22;7;5;5;4;4;6;6;7;5;6;5;4;6;6;4;4;4;6;7;5;4;6;6;4;5;4;3;"O";"N";"N";"N";"O";"N";"N";"N";135;24;37;34;19;21
398;"BRU_3";"2010/2013";"F";1988;24;6;7;7;5;5;7;7;7;7;6;6;5;7;6;6;5;5;5;5;6;4;5;5;5;7;6;4;"O";"O";"N";"N";"O";"N";"N";"N";152;24;35;42;24;27
399;"BRU_3";"2010/2013";"F";1990;22;6;6;6;5;5;6;6;6;6;6;4;5;5;5;6;5;5;5;5;5;5;6;6;5;4;5;4;"O";"O";"N";"N";"O";"N";"N";"N";139;21;34;41;23;20
400;"BRU_3";"2010/2013";"F";1989;23;7;7;6;5;5;4;7;7;4;6;2;5;7;7;6;5;4;7;7;6;5;7;6;5;5;4;4;"O";"O";"N";"N";"O";"N";"N";"N";146;27;40;39;25;15
401;"BRU_3";"2010/2013";"M";1974;38;6;7;3;5;3;3;7;7;4;7;4;3;7;7;7;5;5;7;7;4;1;7;7;4;7;5;4;"O";"N";"N";"N";"N";"N";"N";"N";139;24;38;37;22;18
402;"BRU_3";"2010/2013";"F";1971;41;7;7;6;5;7;7;4;7;4;7;4;1;4;6;7;7;7;7;7;7;1;5;7;5;7;7;4;;"N";"N";"N";"N";"N";"N";"N";150;25;38;46;19;22
403;"BRU_3";"2010/2013";"F";1981;31;7;6;6;3;3;3;7;6;1;6;4;1;4;6;5;3;3;7;6;6;1;7;6;1;3;4;4;"N";"N";"N";"N";"N";"O";"N";"N";115;24;37;24;19;11
404;"BRU_3";"2010/2013";"F";1987;25;5;6;6;6;5;4;7;6;4;6;4;4;7;4;6;5;5;7;1;1;7;6;7;4;7;6;4;"N";"N";"N";"N";"N";"O";"N";"N";136;20;30;41;26;19
405;"BRU_3";"2010/2013";"F";1990;22;7;2;4;4;5;2;5;5;2;7;4;1;4;4;6;5;3;3;3;2;2;4;4;2;2;4;4;"N";"N";"N";"N";"N";"O";"N";"N";96;16;24;31;15;10
406;"BRU_3";"2010/2013";"F";1990;22;7;7;6;6;5;7;6;7;5;6;5;5;7;5;5;5;6;7;6;5;3;5;5;5;3;5;5;"O";"N";"N";"N";"N";"N";"N";"N";144;26;34;43;21;20
407;"BRU_3";"2010/2013";"F";1991;21;7;7;6;5;5;6;6;7;4;7;6;4;7;6;7;5;6;7;7;5;5;6;7;5;5;6;5;"O";"N";"N";"N";"N";"N";"N";"N";154;26;39;43;25;21
408;"BRU_3";"2010/2013";"M";1989;23;7;7;7;5;6;7;7;7;7;7;1;5;7;7;7;6;6;6;7;4;4;7;7;6;1;7;5;"O";"N";"N";"N";"N";"O";"N";"N";155;24;42;48;25;16
409;"BRU_3";"2010/2013";"M";1972;40;2;6;6;4;2;1;1;2;1;6;1;1;6;4;7;2;3;6;2;1;7;5;6;1;6;7;5;"N";"N";"N";"N";"N";"N";"N";"N";96;15;25;26;21;9
410;"BRU_3";"2010/2013";"F";1986;26;7;6;5;5;7;7;7;7;5;7;5;5;7;7;7;5;5;7;7;6;2;7;7;5;1;6;5;"O";"N";"N";"N";"O";"N";"N";"N";152;27;40;45;22;18
411;"BRU_3";"2010/2013";"F";1989;23;6;7;5;4;3;5;7;6;5;7;5;5;4;4;5;5;5;6;6;5;1;5;4;4;5;5;5;"O";"N";"N";"N";"O";"N";"N";"N";129;21;30;38;20;20
412;"BRU_3";"2010/2013";"F";1989;23;7;7;5;4;4;6;7;6;4;6;1;4;6;5;6;4;4;4;4;5;2;5;5;4;2;6;5;"O";"N";"N";"N";"N";"N";"N";"N";123;22;30;36;22;13
413;"BRU_3";"2010/2013";"F";1985;27;7;7;7;5;4;3;7;7;1;7;1;4;7;7;6;5;7;7;7;7;7;7;7;7;1;7;5;"O";"O";"O";"N";"O";"N";"N";"N";149;28;42;46;27;6
414;"BRU_3";"2010/2013";"F";1989;23;7;7;6;4;4;4;7;6;4;7;1;4;7;7;7;5;5;4;7;4;1;7;7;4;4;5;6;"O";"N";"N";"N";"N";"N";"N";"N";135;22;40;38;22;13
415;"BRU_3";"2010/2013";"M";1988;24;7;6;7;5;6;3;6;7;5;7;7;7;7;3;7;3;4;3;3;6;7;3;2;3;1;7;6;"O";"N";"N";"N";"N";"N";"N";"N";132;23;25;42;26;16
416;"BRU_3";"2010/2013";"F";1988;24;5;3;4;4;4;2;7;5;2;5;2;4;5;4;4;3;3;5;3;2;2;5;4;4;2;3;6;"O";"N";"N";"N";"O";"N";"N";"N";96;17;25;30;16;8
417;"BRU_3";"2010/2013";"F";1990;22;7;7;2;5;1;1;7;4;2;6;1;1;7;5;7;4;3;7;4;1;7;5;4;1;3;4;6;"O";"N";"O";"N";"N";"N";"N";"N";106;22;24;25;28;7
418;"BRU_3";"2010/2013";"F";1990;22;7;7;6;6;4;4;6;6;1;6;1;4;7;6;7;6;4;4;6;6;7;4;6;6;4;6;6;"O";"O";"O";"N";"N";"N";"N";"N";137;24;34;42;27;10
419;"BRU_3";"2010/2013";"M";1979;33;7;4;5;5;6;3;4;6;5;7;3;5;7;3;7;4;4;6;4;4;5;3;4;5;2;4;6;"O";"N";"O";"N";"N";"N";"N";"N";122;24;25;40;20;13
420;"BRU_3";"2010/2013";"F";1989;23;6;6;4;4;5;4;7;5;4;7;5;6;6;5;7;5;5;5;5;1;2;6;4;4;1;6;6;"O";"N";"O";"N";"N";"N";"N";"N";125;18;29;42;22;14
421;"BRU_3";"2010/2013";"M";1989;23;5;3;5;4;4;4;5;3;5;4;4;3;4;4;4;4;5;3;5;5;3;5;5;4;4;4;6;"O";"O";"N";"N";"N";"N";"N";"N";108;17;27;32;15;17
422;"BRU_3";"2010/2013";"F";1989;23;7;6;6;3;3;6;5;6;6;5;2;3;6;6;6;4;4;6;6;4;3;6;5;4;5;6;7;"O";"N";"N";"N";"N";"N";"N";"O";129;23;35;32;20;19
423;"BRU_3";"2010/2013";"F";1991;21;7;7;2;4;3;3;7;6;4;6;6;5;4;3;5;5;5;6;7;4;2;5;7;5;3;6;7;"O";"N";"N";"N";"N";"N";"N";"O";127;21;30;39;21;16
424;"BRU_3";"2010/2013";"F";1989;23;5;5;5;4;4;5;7;6;5;5;2;3;5;4;4;4;4;5;6;2;2;5;5;2;5;5;7;"O";"N";"N";"N";"N";"O";"N";"N";114;17;31;31;18;17
425;"BRU_3";"2010/2013";"F";1990;22;6;6;6;4;4;6;7;7;6;6;2;3;6;5;6;5;4;6;6;4;1;3;6;2;5;6;7;"O";"N";"N";"N";"N";"O";"N";"N";128;22;33;34;20;19
426;"BRU_3";"2010/2013";"F";1991;21;6;6;6;5;4;5;7;6;5;7;5;5;5;5;5;5;6;5;6;5;4;6;6;4;4;5;7;"O";"N";"N";"N";"N";"O";"N";"N";138;21;35;41;22;19
427;"BRU_3";"2010/2013";"F";1991;21;7;7;7;5;6;7;7;7;7;7;7;5;7;7;7;7;7;1;7;7;7;7;7;5;5;7;7;"O";"N";"N";"N";"N";"N";"N";"O";167;22;42;49;28;26
428;"BRU_3";"2010/2013";;;;6;7;7;4;4;4;7;5;3;6;1;1;4;6;5;2;3;2;5;3;1;6;5;4;2;5;7;"O";"N";"N";"N";"N";"N";"N";"O";108;15;34;29;20;10
429;"BRU_3";"2010/2013";"F";1990;22;5;6;2;4;2;2;6;5;4;5;2;2;6;6;5;2;4;5;6;4;5;6;4;3;2;4;7;"O";"N";"N";"N";"N";"N";"N";"N";107;20;29;26;22;10
430;"BRU_3";"2010/2013";"F";1990;22;7;4;6;3;4;4;5;6;2;7;1;3;6;4;6;5;5;5;5;4;4;6;6;4;4;4;8;"O";"N";"O";"N";"N";"N";"N";"N";120;22;33;35;19;11
431;"BRU_3";"2010/2013";"F";1991;21;7;5;6;4;4;7;7;5;7;5;2;4;4;5;4;3;4;4;4;3;1;4;4;4;2;4;8;"O";"N";"O";"N";"N";"N";"N";"N";113;18;28;32;17;18
432;"BRU_3";"2010/2013";"F";1990;22;7;5;5;5;4;7;7;7;7;7;7;2;6;6;5;4;4;7;7;7;3;6;7;3;5;4;8;"O";"N";"O";"N";"N";"N";"N";"N";144;27;38;33;20;26
433;"SAV_2";"2011/2014";"F";1971;41;7;7;7;4;4;7;6;7;1;5;4;4;7;7;6;5;5;7;7;4;4;7;7;4;5;5;1;"O";"N";"N";"N";"O";"N";"N";"N";143;25;42;36;23;17
434;"SAV_2";"2011/2014";"F";1975;37;7;6;6;5;5;6;7;7;1;6;1;5;7;7;6;5;5;7;7;6;6;7;7;6;1;5;1;"O";"N";"N";"N";"O";"N";"N";"N";144;27;41;42;25;9
435;"SAV_2";"2011/2014";"F";1990;22;7;5;6;7;4;6;4;6;6;5;1;3;3;4;1;4;4;5;1;1;1;4;6;5;5;4;1;"O";"O";"N";"N";"N";"N";"N";"N";108;16;27;36;11;18
436;"SAV_2";"2011/2014";"F";1983;29;6;6;4;4;3;4;6;6;2;6;2;4;5;6;7;5;5;6;6;5;5;6;6;4;2;4;1;"O";"N";"O";"N";"O";"N";"N";"N";125;22;34;35;24;10
437;"SAV_2";"2011/2014";"F";1982;30;7;6;5;5;4;6;7;7;2;6;3;5;7;7;6;5;5;7;1;6;2;7;7;5;5;6;1;"O";"N";"N";"N";"N";"O";"N";"N";139;27;34;41;21;16
438;"SAV_2";"2011/2014";"F";1991;21;7;4;5;4;4;5;7;7;5;5;3;3;7;5;4;4;4;5;6;4;3;5;5;4;3;4;1;"O";"N";"O";"N";"N";"N";"N";"N";122;23;33;32;18;16
439;"SAV_2";"2011/2014";"F";1989;23;6;6;6;5;5;6;6;6;5;6;6;4;5;6;6;6;6;6;6;"5";5;6;6;6;6;6;1;"O";"N";"O";"N";"N";"N";"N";"N";143;22;36;44;23;23
440;"SAV_2";"2011/2014";"F";1990;22;6;6;6;5;5;3;6;7;4;7;5;5;7;7;6;5;6;7;7;6;4;6;6;5;6;5;1;"O";"N";"O";"N";"N";"N";"N";"N";148;26;39;43;22;18
441;"SAV_2";"2011/2014";"F";1981;31;6;6;6;5;6;6;6;6;5;6;7;6;6;5;6;6;5;6;7;4;5;5;6;6;5;6;1;"O";"N";"O";"N";"N";"N";"N";"N";149;22;35;46;23;23
442;"SAV_2";"2011/2014";"F";1991;21;7;5;5;4;6;5;2;4;1;5;3;1;7;5;4;3;3;7;5;5;4;5;6;5;5;5;1;"O";"O";"O";"N";"O";"N";"N";"N";117;26;30;32;15;14
443;"SAV_2";"2011/2014";"F";1992;20;7;6;5;4;2;6;7;7;7;6;4;2;4;4;5;2;4;5;7;4;2;6;4;2;5;3;1;"O";"O";"O";"N";"O";"N";"N";"N";120;20;33;25;20;22
444;"SAV_2";"2011/2014";"F";1964;48;7;5;6;6;5;7;6;7;6;7;7;5;7;7;6;6;6;7;7;5;6;7;7;6;6;6;2;"O";"O";"N";"N";"O";"N";"O";"N";163;26;41;47;23;26
445;"SAV_2";"2011/2014";"F";1991;21;6;7;5;7;4;5;7;7;6;6;5;4;7;7;5;5;6;7;7;5;5;7;5;5;5;6;2;"O";"N";"N";"N";"O";"N";"N";"N";151;25;38;43;24;21
446;"SAV_2";"2011/2014";"F";1964;48;6;7;5;7;6;6;7;7;4;5;7;5;7;7;5;5;7;6;7;7;1;5;7;7;7;7;2;"O";"O";"N";"N";"O";"N";"N";"N";157;26;38;49;20;24
447;"SAV_2";"2011/2014";"F";1991;21;7;5;6;7;2;2;7;6;1;6;1;2;7;3;4;2;2;4;4;5;1;2;4;2;2;2;2;"O";"O";"N";"N";"O";"N";"N";"N";96;23;25;25;17;6
448;"SAV_2";"2011/2014";"F";1970;42;7;5;4;5;5;5;7;7;3;7;1;3;5;7;5;6;5;3;7;5;7;7;7;4;6;6;2;"O";"N";"N";"N";"O";"N";"N";"N";139;20;39;41;24;15
449;"SAV_2";"2011/2014";"F";1984;28;7;5;5;5;5;7;5;6;7;5;7;6;7;6;6;5;6;6;6;7;4;6;6;4;5;5;2;"O";"N";"O";"N";"N";"N";"N";"N";149;27;35;41;20;26
450;"SAV_2";"2011/2014";"F";1987;25;7;6;7;4;5;6;7;7;7;7;4;5;5;4;5;5;4;5;7;5;7;4;7;4;6;6;2;"O";"O";"N";"N";"O";"N";"N";"N";146;22;36;40;25;23
451;"SAV_2";"2011/2014";"F";1977;35;7;5;6;5;5;7;7;7;5;6;6;5;7;7;5;5;6;6;7;6;7;7;7;5;6;6;2;"O";"N";"N";"O";"O";"N";"N";"N";158;26;41;43;24;24
452;"SAV_2";"2011/2014";"F";1981;31;7;7;7;5;5;6;7;7;5;6;5;5;7;6;5;5;5;7;7;6;5;7;6;6;5;6;2;"O";"N";"N";"O";"O";"N";"N";"N";155;27;40;43;24;21
453;"SAV_2";"2011/2014";"F";1992;20;7;5;6;4;5;4;6;5;2;6;2;3;4;6;6;4;5;5;5;6;2;6;5;5;6;5;3;"O";"N";"O";"N";"N";"N";"N";"N";125;22;33;37;19;14
454;"SAV_2";"2011/2014";"F";1992;20;7;6;5;5;6;5;5;7;2;5;2;4;6;7;5;5;6;7;7;5;3;7;6;4;4;6;3;"O";"N";"N";"N";"N";"O";"N";"N";137;25;39;41;19;13
455;"SAV_2";"2011/2014";"F";1992;20;7;6;4;5;5;5;7;7;6;7;2;5;7;7;6;6;6;7;7;5;4;7;7;6;3;6;3;"O";"N";"N";"N";"O";"N";"N";"N";150;26;39;46;23;16
456;"SAV_2";"2011/2014";"F";1991;21;7;5;5;6;3;4;5;5;3;6;3;4;5;6;6;4;5;5;6;4;2;7;6;5;6;4;3;"O";"O";"N";"N";"N";"N";"O";"N";127;21;35;37;18;16
457;"SAV_2";"2011/2014";"F";1992;20;7;5;5;6;3;7;7;7;6;6;4;3;4;5;6;5;4;7;7;4;2;6;6;4;7;5;3;"O";"O";"N";"N";"O";"N";"N";"N";138;22;36;36;20;24
458;"SAV_2";"2011/2014";"F";1991;21;7;7;7;4;5;3;7;7;5;7;6;5;7;7;7;6;6;7;7;6;6;7;6;6;5;6;3;"O";"N";"N";"N";"O";"N";"N";"N";159;27;41;45;27;19
459;"SAV_2";"2011/2014";"F";1981;31;7;6;4;5;2;6;7;7;6;6;7;4;6;5;6;6;6;7;7;6;2;5;6;5;6;6;3;"O";"N";"N";"N";"O";"N";"O";"N";146;26;34;40;21;25
460;"SAV_2";"2011/2014";"F";1991;21;6;5;7;4;4;7;7;7;6;6;2;2;6;6;6;6;6;7;7;6;2;6;6;5;7;6;3;"O";"N";"N";"N";"O";"N";"N";"N";145;25;39;39;20;22
461;"SAV_2";"2011/2014";"F";1986;26;7;7;7;5;7;7;7;7;7;7;7;6;7;6;7;6;7;7;7;6;4;5;7;6;7;6;3;"O";"N";"N";"N";"O";"N";"N";"N";169;27;39;50;25;28
462;"SAV_2";"2011/2014";"F";1990;22;7;7;7;4;4;1;7;7;1;6;1;2;3;7;7;4;4;4;7;3;1;7;7;1;4;6;3;"O";"O";"N";"N";"N";"N";"N";"N";119;17;42;31;22;7
463;"SAV_2";"2011/2014";"F";1991;21;7;5;5;4;3;6;7;7;1;6;1;1;3;6;6;4;4;6;7;5;1;6;4;5;6;5;3;"O";"O";"N";"N";"N";"N";"N";"N";121;21;35;32;19;14
464;"SAV_2";"2011/2014";"F";1992;20;7;7;7;3;3;2;4;4;1;6;1;2;5;7;6;4;4;4;7;5;6;7;7;5;5;6;4;"O";"N";"N";"N";"N";"N";"N";"N";125;21;39;33;23;9
465;"SAV_2";"2011/2014";"F";1991;21;7;4;6;4;2;1;1;4;2;7;4;1;7;4;4;3;4;4;5;4;1;3;5;4;1;5;4;"O";"N";"N";"N";"N";"N";"N";"N";97;22;27;30;10;8
466;"SAV_2";"2011/2014";"M";1975;37;6;7;6;6;3;1;7;7;1;7;1;1;7;7;7;5;5;7;7;7;7;7;7;1;6;6;4;"O";"N";"O";"N";"N";"N";"N";"N";139;27;41;34;28;9
467;"SAV_2";"2011/2014";"M";1990;22;7;5;5;5;6;1;3;4;1;7;1;6;7;5;5;5;6;2;5;4;3;6;2;6;2;5;4;"N";"N";"N";"N";"N";"N";"N";"N";114;20;27;46;16;5
468;"SAV_2";"2011/2014";"M";1987;25;7;7;7;4;3;1;7;7;1;7;1;4;7;7;4;4;4;1;7;7;7;7;6;4;1;7;4;"O";"N";"O";"N";"N";"O";"N";"N";129;22;41;37;25;4
469;"SAV_2";"2011/2014";"F";1986;26;7;5;6;4;4;4;5;5;4;6;4;2;5;7;6;5;5;4;7;3;2;7;6;5;5;6;4;"O";"N";"O";"N";"N";"O";"N";"N";129;19;38;37;18;17
470;"SAV_2";"2011/2014";"F";1991;21;6;7;7;5;4;5;7;7;5;7;5;4;7;7;7;6;6;6;7;7;5;7;7;5;5;6;4;"O";"N";"O";"N";"O";"O";"N";"N";157;26;42;43;26;20
471;"SAV_2";"2011/2014";"F";1992;20;6;5;5;5;4;4;3;3;4;6;4;4;4;5;6;5;5;4;4;2;3;5;5;5;5;6;5;"O";"N";"N";"N";"N";"N";"N";"N";117;16;27;40;17;17
472;"SAV_2";"2011/2014";"F";1990;22;6;5;6;5;4;4;7;7;4;7;5;3;4;7;5;5;5;7;6;4;2;7;6;5;5;4;5;"O";"O";"N";"N";"N";"N";"N";"N";135;21;39;38;19;18
473;"SAV_2";"2011/2014";"F";1991;21;7;7;5;6;6;7;5;7;7;7;4;6;7;7;6;6;6;7;7;6;5;6;7;6;5;6;5;"O";"O";"N";"N";"N";"N";"N";"N";161;27;39;49;23;23
474;"SAV_2";"2011/2014";"M";1991;21;6;6;5;4;6;1;7;5;3;6;7;7;6;3;6;4;4;3;4;4;6;4;5;4;2;5;5;"O";"N";"N";"N";"N";"N";"N";"N";123;19;26;40;25;13
475;"SAV_2";"2011/2014";"F";1989;23;7;4;4;3;4;4;7;7;3;4;2;5;5;5;5;2;2;6;6;6;7;5;5;5;5;5;5;"O";"N";"N";"N";"N";"N";"N";"N";123;24;32;30;23;14
476;"SAV_2";"2011/2014";"F";1989;23;7;4;5;3;3;6;4;7;6;6;6;2;4;4;5;4;4;7;7;4;4;4;5;4;7;4;5;"O";"N";"N";"N";"N";"N";"N";"N";126;22;32;30;17;25
477;"SAV_2";"2011/2014";"F";1987;25;7;6;6;5;2;6;6;6;4;6;3;4;5;6;5;5;5;7;7;6;1;7;6;4;7;7;5;"O";"N";"N";"N";"N";"O";"N";"N";139;25;38;38;18;20
