NUMERO;CSP;IFSI;PROMO;SEXE;ANNEE;QUESTION1;QUESTION2;QUESTION3;QUESTION4;QUESTION5;QUESTION6;QUESTION7;QUESTION8;QUESTION9;QUESTIO10;QUESTIO11;QUESTION12;QUESTION13;QUESTION14;QUESTION15;QUESTION16;QUESTION17;QUESTION18;QUESTION19;QUESTION20;QUESTION21;QUESTION22;QUESTION23;QUESTION24;QUESTION25;QUESTION26;RANG;Meme place;Affinites;Habitude;Pas Bruit;Pratique;Plac restante;rester conc;;Decrocher;;;;;;;;
1;EI;BRU 1;2012/2015;F;1987;5;6;7;5;5;6;7;6;7;7;5;5;7;7;7;7;7;7;7;5;7;7;6;6;1;7;1;O;;;O;;;;;;;;;;;;;
2;EI;;;F;1993;7;5;5;4;4;5;6;7;5;7;4;4;6;7;4;4;4;6;7;5;5;7;7;4;5;5;1;O;;;O;;;;;;;;;;;;;
3;EI;;;F;1993;7;7;6;5;5;7;3;7;3;6;6;4;6;7;7;6;5;6;7;5;6;7;7;5;3;4;1;O;;;O;;;;;;;;;;;;;
4;EI;;;F;1986;4;7;6;2;2;7;1;7;2;7;1;3;6;6;2;2;2;5;7;3;1;6;6;2;1;6;1;O;;;O;;;;;;;;;;;;;
5;EI;;;F;1970;7;5;6;5;4;7;5;7;7;7;6;3;5;6;7;6;6;7;7;6;6;6;7;6;7;7;1;O;;;O;;;;;;;;;;;;;
6;EI;;;M;1965;7;7;7;5;5;6;7;7;5;6;3;5;7;7;6;5;5;7;6;5;2;6;6;5;7;5;1;O;;;;;;;;;;;;;;;;
7;EI;;;F;1990;6;5;4;4;4;6;4;5;5;5;4;5;6;5;5;4;4;6;6;5;5;6;6;4;5;5;2;N;;;;;O;;;;;;;;;;;
8;EI;;;F;1989;7;6;5;4;4;3;7;7;4;5;5;4;7;6;6;5;5;5;5;6;7;7;6;5;7;5;2;O;;;;O;;;;;;;;;;;;
9;EI;;;F;1993;7;5;4;3;5;6;7;4;7;7;7;3;5;5;5;3;6;6;7;4;5;4;5;3;6;4;2;O;;;O;O;;;;;;;;;;;;
10;EI;;;F;1992;6;6;7;4;4;5;7;7;5;6;3;4;6;6;6;4;4;5;7;5;7;7;6;5;4;6;2;N;;;;;O;;;;;;;;;;;
11;EI;;;F;1985;7;7;5;5;6;6;7;6;4;7;4;7;7;5;6;6;5;6;5;5;6;5;5;6;5;6;2;O;;;O;O;;;;;;;;;;;;
12;EI;;;F;1973;7;4;6;3;4;6;3;7;7;7;5;4;7;6;5;4;4;7;7;7;4;7;7;4;7;4;2;O;;;O;O;;O;;;;;;;;;;
13;EI;;;F;1981;7;5;5;5;4;5;5;5;3;7;4;4;7;7;5;4;4;5;5;5;5;5;7;4;4;5;2;O;;;O;;;;;;;;;;;;;
14;EI;;;F;1991;7;5;7;5;7;7;5;7;7;7;7;7;7;7;7;5;5;7;7;6;5;7;7;5;7;7;2;O;;;O;O;;;;;;;;;;;;
15;EI;;;F;1986;6;6;6;3;4;3;4;4;1;7;1;4;6;6;6;3;4;4;6;6;4;7;5;4;1;5;3;O;;;;O;;;;;;;;;;;;
16;EI;;;F;1991;7;7;6;5;6;6;5;7;7;7;6;5;6;7;6;5;6;5;7;5;6;7;6;5;6;6;3;O;O;;O;;;;;;;;;;;;;
17;EI;;;M;1991;6;7;7;6;5;7;7;7;6;6;7;5;6;7;7;6;5;6;7;6;7;6;6;7;7;7;3;N;;;;O;;;;;;;;;;;;
18;EI;;;F;1993;5;4;4;2;3;6;6;6;6;7;3;3;7;5;7;4;4;5;6;3;4;4;5;4;4;4;3;O;;;;O;;;;;;;;;;;;
19;EI;;;F;1988;6;4;5;3;2;5;7;7;6;5;4;2;5;5;6;4;4;6;6;5;6;5;5;5;6;6;3;O;;;;O;;;;;;;;;;;;
20;EI;;;F;1969;7;7;7;6;6;7;3;7;7;7;5;6;6;7;4;6;6;7;6;4;4;6;7;6;4;6;3;N;;;;O;;;;;;;;;;;;
21;EI;;;F;1980;7;7;6;7;4;7;7;7;7;7;7;4;7;7;4;7;6;7;7;1;6;7;7;7;7;6;3;N;O;;;O;;;;;;;;;;;;
22;EI;;;F;1992;6;7;7;5;5;6;7;7;5;6;4;5;6;7;7;5;5;6;7;7;7;7;7;5;6;5;3;O;;;;O;;O;;;;;;;;;;
23;EI;;;F;1978;6;6;6;4;4;6;7;7;6;6;5;4;6;6;6;4;4;6;6;4;4;6;6;4;6;5;3;O;;;;O;;;;;;;;;;;;
24;EI;;;F;1992;7;7;7;5;5;6;7;7;6;7;6;5;5;6;7;5;5;6;6;5;7;6;5;5;7;6;4;O;;O;;O;;;;;;;;;;;;
25;EI;;;F;1989;7;6;4;5;5;6;7;7;7;7;5;4;5;7;6;2;3;4;7;3;3;7;7;3;4;4;4;O;O;;;;;O;;;;;;;;;;
26;EI;;;F;1993;7;7;5;4;5;7;7;7;7;7;7;5;6;7;7;1;4;7;7;4;7;7;7;3;4;4;4;O;;;;O;;;;;;;;;;;;
27;EI;;;M;1991;5;3;5;3;3;6;6;5;5;5;4;2;4;3;5;3;3;4;6;4;6;5;5;4;3;4;4;N;;;;O;;;;;;;;;;;;
28;EI;;;M;1991;6;6;6;4;4;5;6;6;4;7;1;5;7;5;5;4;4;7;7;6;4;4;6;4;5;6;4;N;;;;;O;;;;;;;;;;;
29;EI;;;F;1976;7;6;4;4;4;6;4;6;7;5;2;3;6;6;5;3;3;7;6;4;4;4;5;4;4;3;4;O;;;;;;;;;;;;;;;;
30;EI;;;M;1992;2;7;7;5;7;4;7;7;5;7;1;7;2;6;7;5;4;5;7;4;5;6;7;5;1;4;4;N;;;;;O;;;;;;;;;;;
31;EI;;;F;1993;5;7;7;4;5;4;7;7;5;7;4;4;7;5;7;4;4;5;7;5;7;6;5;4;5;5;4;N;;;;;O;;;;;;;;;;;
32;EI;;;F;1978;5;6;6;2;2;6;7;6;4;4;5;2;5;5;5;3;5;5;6;6;7;6;6;4;6;5;4;N;;;;;;O;;;;;;;;;;
33;EI;;;F;1993;7;5;4;4;3;4;6;5;4;7;6;4;4;5;5;4;6;5;7;4;3;3;5;3;6;5;5;N;;;;;O;;;;;;;;;;;
34;EI;;;F;1992;7;5;7;4;1;5;7;7;7;4;6;3;5;5;3;3;3;6;6;5;2;4;6;2;6;2;5;N;O;;;;;;;;;;;;;;;
35;EI;;;F;1991;7;7;6;5;6;6;7;7;4;7;5;5;5;6;7;5;5;4;7;5;1;5;7;3;4;5;5;O;O;O;;O;;;;;;;;;;;;
36;EI;;;F;1991;7;6;6;5;5;7;7;6;3;7;3;5;7;7;6;5;5;6;7;7;5;7;7;6;6;6;5;O;O;;;O;;;;;;;;;;;;
37;EI;;;M;1985;7;3;4;6;5;5;7;6;4;7;1;5;7;5;6;6;6;6;6;5;6;5;6;6;4;6;5;N;;;;;O;;;;;;;;;;;
38;EI;;;M;1991;6;3;3;5;5;6;7;4;2;4;7;1;5;4;5;2;4;3;6;2;2;7;5;4;6;5;5;N;;;;;O;;;;;;;;;;;
39;EI;;;F;1990;5;7;7;4;3;1;4;7;4;7;1;3;3;4;7;4;4;4;7;3;4;5;5;4;2;4;5;O;O;O;;;;;;;;;;;;;;
40;EI;;;F;1990;6;6;5;3;5;5;6;5;5;5;2;5;6;5;5;3;3;5;6;4;5;5;5;4;4;5;5;O;O;;;O;;;;;;;;;;;;
41;EI;;;M;1992;6;6;7;4;5;5;3;6;2;5;1;3;5;5;6;4;4;6;7;5;3;5;5;3;3;6;5;O;;O;;;;;;;;;;;;;;
42;EI;;;F;1992;7;6;6;4;4;6;5;6;7;7;5;5;5;5;6;5;5;6;6;4;4;6;5;5;6;6;6;N;;;;;;;;;;;;;;;;
43;EI;;;F;1991;7;5;6;5;4;5;7;7;6;6;4;5;5;5;6;4;5;5;6;4;4;5;6;4;6;5;6;N;;;;;;;;;;;;;;;;
44;EI;;;F;1992;7;7;6;4;4;6;7;7;7;7;7;4;3;6;6;4;3;7;7;5;4;7;7;5;7;5;6;O;;O;;;;;;;;;;;;;;
45;EI;;;F;1990;7;7;5;3;2;2;7;7;4;4;1;2;1;3;5;3;3;7;7;4;4;4;4;3;2;4;6;O;;;;;;;;;;;;;;;;
46;EI;;;F;1991;7;6;6;4;5;6;4;6;5;5;5;4;6;6;6;4;5;5;6;5;4;5;6;4;5;5;6;O;;O;;;;;;;;;;;;;;
47;EI;;;F;1991;7;5;3;2;1;6;7;7;7;7;4;2;5;5;5;4;3;6;7;4;6;4;6;3;7;5;6;O;;;;;O;;;;;;;;;;;
48;EI;;;F;1978;6;5;5;5;3;7;7;7;7;6;4;3;5;5;6;5;5;6;7;6;4;5;7;5;5;5;6;O;;O;;;;;;;;;;;;;;
49;EI;;;F;1985;6;7;6;5;4;6;7;7;5;7;5;4;5;7;7;5;5;6;7;5;5;7;7;5;5;6;6;O;;O;;;;;;;;;;;;;;
50;EI;;;F;1972;5;7;7;5;4;6;7;7;5;6;3;3;4;5;5;4;4;6;6;5;6;5;7;5;5;5;6;O;;O;;O;;;;;;;;;;;;
51;EI;;;F;1983;7;7;7;4;3;7;7;7;4;7;4;3;3;5;6;4;4;3;5;4;4;6;7;4;7;7;7;N;;;;;;;;;;;;;;;;
52;EI;;;F;1990;7;5;5;4;4;4;4;6;6;5;5;2;3;4;6;5;4;3;6;4;6;5;7;5;7;5;7;O;;O;;;;;;;;;;;;;;
53;EI;;;M;1987;5;4;6;4;2;4;6;6;3;5;1;1;4;4;4;3;4;5;5;5;1;4;5;2;3;3;7;N;;;;;O;;;;;;;;;;;
54;EI;;;M;1989;6;5;6;4;3;1;7;4;1;5;5;1;7;2;5;3;3;2;6;6;5;2;4;2;4;5;7;N;;;;;O;;;;;;;;;;;
55;EI;;;F;1991;4;6;7;4;4;1;7;7;4;7;1;4;4;7;7;4;4;4;7;4;7;7;7;4;6;5;7;O;;;;;;;;;;;;;;;;
56;EI;;;F;1988;5;4;5;3;3;4;7;7;6;5;5;4;5;4;4;4;4;5;7;5;4;4;5;3;4;4;7;O;;O;;;;;;;;;;;;;;
57;EI;;;F;1990;7;2;6;1;1;7;4;5;4;3;1;1;1;1;1;4;1;4;5;3;1;1;4;1;3;1;7;O;;O;;;;;O;;;;;;;;;
58;EI;;;F;1992;7;6;4;2;5;4;6;6;4;6;3;5;7;5;7;4;4;4;6;2;1;4;7;4;5;7;7;N;;;;;O;;;;;;;;;;;
59;EI;;;F;1992;6;6;6;5;5;3;7;6;6;6;5;5;4;6;6;5;5;6;6;6;5;7;6;5;5;6;7;N;;;;;O;;;;;;;;;;;
60;EI;;;M;1990;6;7;5;7;6;5;6;4;5;7;6;5;7;5;6;6;5;5;7;3;6;7;6;6;4;6;8;O;O;;;;;;;;;;;;;;;
61;EI;;;M;1992;6;2;6;2;2;1;7;5;5;6;1;2;4;4;5;2;3;3;6;4;1;4;4;2;1;2;8;O;O;;;;;;;;;;;;;;;
62;EI;;;M;1991;5;7;6;6;7;5;6;7;7;7;5;7;7;7;7;6;6;6;7;5;6;6;7;6;5;6;8;O;O;;;;;;;;;;;;;;;
63;EI;;;M;1989;6;5;6;3;4;4;6;6;2;6;1;4;5;2;6;2;2;1;3;2;6;3;4;5;3;3;8;O;;;;O;;;;;;;;;;;;
64;EI;BRU 2;2011/2014;M;1974;7;7;7;4;4;4;4;7;1;7;1;1;7;7;7;5;5;7;7;7;1;7;7;4;1;4;1;O;;;;O;;;;;;;;;;;;
65;EI;;;M;1978;7;3;5;4;3;5;4;6;3;5;1;2;5;5;4;4;4;5;5;6;2;5;5;2;2;4;1;O;;;;O;;O;;;;;;;;;;
66;EI;;;F;1991;1;4;2;4;2;5;7;2;7;2;4;3;1;4;2;5;5;1;7;1;7;4;1;3;7;3;1;O;;;O;O;;;;;;;;;;;;
67;EI;;;M;1991;7;5;5;4;4;7;7;5;7;7;1;2;4;4;4;4;4;7;7;5;5;7;7;4;7;4;1;O;O;;;;;;;;;;;;;;;
68;EI;;;F;1992;7;6;6;5;7;6;6;6;4;7;4;6;7;6;7;5;5;6;5;6;6;6;6;6;3;6;1;O;;;;O;;;;;;;;;;;;
69;EI;;;F;1989;7;4;5;4;2;6;7;6;6;5;3;2;3;6;4;5;5;4;7;3;6;7;7;4;7;5;1;O;O;;;O;;;;;;;;;;;;
70;EI;;;F;1992;7;7;7;3;3;7;7;7;7;7;7;4;7;6;7;5;6;5;7;6;3;6;7;6;6;7;1;O;;;;O;;O;;;;;;;;;;
71;EI;;;F;1992;4;6;4;3;5;7;6;6;5;7;7;5;5;7;6;5;3;6;6;3;7;6;5;2;7;5;1;O;;;;;;O;;;;;;;;;;
72;EI;;;F;1984;7;6;6;2;3;2;4;5;1;3;3;2;2;2;4;3;3;3;4;1;5;2;2;5;7;3;2;O;;;;;;;;;;;;;;;;
73;EI;;;F;1991;4;7;4;4;5;7;7;7;4;6;1;1;1;7;7;7;6;7;7;4;7;7;7;4;1;4;2;O;;;;;;;;;;;;;;;;
74;EI;;;F;1991;6;7;6;5;1;6;7;6;6;7;4;1;4;6;5;3;3;7;7;4;2;7;7;2;6;4;2;O;;O;;;;;;;;;;;;;;
75;EI;;;F;1985;7;7;7;4;7;4;7;5;7;7;7;5;7;5;7;5;5;6;6;6;7;7;7;5;5;7;2;O;;;;O;;O;;;;;;;;;;
76;EI;;;F;1960;7;6;6;6;5;6;6;7;6;6;7;5;7;7;6;6;7;6;7;5;5;7;7;6;6;6;2;O;;;O;O;;;;;;;;;;;;
77;EI;;;F;1987;4;7;4;4;4;2;5;3;1;6;1;4;5;4;6;4;4;3;5;5;5;4;2;4;1;5;2;O;;O;;O;;;;;;;;;;;;
78;EI;;;F;1982;7;5;5;5;4;4;2;5;4;6;4;4;7;5;3;4;4;5;6;4;1;4;6;5;1;6;2;O;;;;;;;;;;;;;;;;
79;EI;;;F;1991;7;5;4;2;2;4;6;7;5;5;5;3;5;5;5;3;5;5;5;2;4;6;6;3;3;5;2;O;;;O;;;;;;;;;;;;;
80;EI;;;F;1991;7;6;6;4;3;3;5;7;6;5;6;3;7;6;7;5;4;3;7;6;2;6;6;5;7;5;3;O;;;;O;;;;;;;;;;;;
81;EI;;;F;1992;7;7;6;6;3;6;1;6;6;7;1;3;6;7;6;6;5;7;7;6;4;7;7;6;2;5;3;N;;;;O;;;;;;;;;;;;
82;EI;;;F;1987;7;7;7;4;2;7;1;5;5;7;1;1;5;7;7;4;4;7;5;4;5;7;7;4;5;5;3;O;;O;;;;;;;;;;;;;;
83;EI;;;F;1975;7;5;4;4;4;7;4;7;7;5;7;4;4;4;4;3;5;4;7;2;5;1;1;3;7;4;3;O;;;;O;;;;;;;;;;;;
84;EI;;;F;1990;7;6;4;5;4;7;3;6;7;6;5;4;6;4;4;5;5;5;5;4;4;4;5;4;3;4;3;O;;;;;O;O;;;;;;;;;;
85;EI;;;F;1992;7;6;5;4;4;5;6;5;4;6;4;4;6;5;5;5;4;6;6;4;3;6;6;6;6;6;3;O;O;;O;O;;;;;;;;;;;;
86;EI;;;F;1990;7;5;5;4;5;5;5;5;4;4;2;5;6;5;6;4;4;5;6;5;4;6;6;5;2;5;3;O;;O;;;;;;;;;;;;;;
87;EI;;;F;1991;7;7;5;5;6;5;7;4;6;7;3;6;4;7;6;5;5;4;6;4;7;7;7;4;5;6;3;N;O;;;O;;;;;;;;;;;;
88;EI;;;F;1992;7;5;5;4;3;6;5;5;5;6;4;2;4;3;3;3;2;3;4;5;2;5;5;2;2;3;4;O;;O;;;;;;;;;;;;;;
89;EI;;;F;1992;6;5;3;4;2;3;5;5;3;5;3;2;3;4;5;3;3;3;5;4;2;4;6;3;4;4;4;O;;;;O;;O;;;;;;;;;;
90;EI;;;F;1989;6;6;5;5;5;5;6;5;4;6;5;4;5;5;5;5;4;4;5;5;3;5;5;4;4;5;4;O;;O;;;;;;;;;;;;;;
91;EI;;;F;1990;7;7;6;6;4;4;7;6;1;5;1;2;2;7;5;4;4;5;6;4;2;5;4;4;2;5;4;O;;O;;;;;;;;;;;;;;
92;EI;;;F;1981;7;7;4;5;5;6;7;5;3;6;6;5;7;7;7;5;5;6;6;6;6;6;6;5;6;6;4;O;;;O;O;;;;;;;;;;;;
93;EI;;;F;1978;7;5;6;7;7;6;7;6;4;7;4;7;7;6;7;7;7;6;6;5;7;6;7;7;6;7;4;O;O;O;;O;;;;;;;;;;;;
94;EI;;;F;1967;7;7;5;5;4;6;7;5;6;6;7;5;5;5;6;6;6;5;6;6;5;5;5;5;5;5;4;O;;O;;;;;;;;;;;;;;
95;EI;;;F;1988;7;7;7;6;5;3;7;7;2;7;2;4;6;6;7;6;6;5;7;4;5;7;7;7;2;7;4;O;;O;;O;;;;;;;;;;;;
96;EI;;;F;1991;7;3;7;4;4;5;6;6;5;5;1;4;4;6;5;6;4;5;6;4;4;6;6;4;2;4;5;O;;O;;;;;;;;;;;;;;
97;EI;;;F;1990;7;6;7;4;4;7;7;7;1;7;2;2;7;7;7;6;6;2;1;6;7;7;7;5;1;6;5;O;;;;O;;;;;;;;;;;;
98;EI;;;F;1992;7;6;6;5;2;5;2;6;6;5;4;1;5;5;4;4;4;3;6;4;1;6;6;2;5;6;5;O;;O;;;;;;;;;;;;;;
99;EI;;;M;1991;7;5;5;5;7;7;7;7;7;7;1;5;4;4;6;4;4;5;7;6;4;6;6;4;1;6;5;O;;O;;;;;;;;;;;;;;
100;EI;;;F;1986;7;7;6;5;6;7;7;7;6;6;4;3;7;7;7;6;6;7;6;5;5;6;6;5;4;6;5;O;;;;O;;;;;;;;;;;;
101;EI;;;M;1983;7;7;7;5;5;4;7;7;2;7;4;4;7;4;7;6;6;6;7;4;4;7;4;4;4;7;5;O;;O;;;;;;;;;;;;;;
102;EI;;;F;;7;5;7;5;4;7;7;7;1;4;1;4;6;6;5;4;7;7;7;4;5;7;7;4;6;5;5;N;;;;;O;;;;;;;;;;;
103;EI;;;F;1989;7;7;4;5;3;4;7;6;6;7;4;2;7;7;5;4;4;5;6;4;1;6;6;4;7;5;6;N;;;;;;O;;;;;;;;;;
104;EI;;;F;1987;7;7;4;4;3;1;7;3;4;7;1;2;7;5;7;3;3;3;6;6;7;6;4;3;1;6;6;N;;;;;;O;;;;;;;;;;
105;EI;;;M;1990;6;6;6;5;5;4;7;6;5;7;6;5;7;5;6;4;5;5;6;4;6;6;6;6;5;6;6;O;O;;;;;;;;;;;;;;;
106;EI;;;F;1991;7;6;5;5;3;6;5;6;5;6;5;5;7;6;6;5;6;6;6;5;3;5;6;5;6;6;6;O;;O;;;;;;;;;;;;;;
107;EI;;;F;1992;7;6;6;5;5;4;6;6;3;7;1;5;6;6;6;5;5;4;5;4;5;5;6;6;6;7;6;O;;O;;;;;;;;;;;;;;
108;EI;;;F;1977;7;4;5;4;7;5;2;7;2;7;1;3;7;6;6;4;5;6;7;6;3;6;6;3;3;7;6;O;;;;O;;;;;;;;;;;;
109;EI;;;F;1982;7;4;5;5;2;1;7;7;4;6;3;1;7;6;4;4;4;6;6;5;2;6;6;4;6;5;6;N;;;;;O;;;;;;;;;;;
110;EI;;;F;1993;7;7;5;4;4;3;7;5;4;7;1;2;5;3;5;3;3;3;6;6;5;5;5;4;1;5;7;O;O;;;O;;;O;;;;;;;;;
111;EI;;;F;1992;7;6;4;6;7;5;7;4;2;6;2;4;6;5;7;6;6;5;6;4;7;6;5;4;1;5;7;O;O;O;;;;;;;;;;;;;;
112;EI;;;F;1991;7;6;3;5;1;4;2;5;1;7;2;1;7;4;6;2;4;2;6;1;6;4;2;1;1;7;7;O;;O;;;;;;;;;;;;;;
113;EI;;;F;1989;7;3;4;4;3;2;7;7;4;7;2;3;6;6;6;4;6;4;6;4;1;6;6;5;1;5;7;O;;O;;;;;;;;;;;;;;
114;EI;;;F;1990;7;5;6;3;4;5;7;6;4;5;2;1;4;6;5;1;4;4;6;3;1;5;7;3;4;3;7;O;;O;;;;;;;;;;;;;;
115;EI;;;F;1991;2;3;2;1;1;2;4;5;2;5;2;2;4;4;5;2;2;2;4;1;1;3;5;2;1;2;7;N;;;;;;;;;;;;;;;;
116;EI;;;F;1991;5;4;5;3;4;7;5;7;7;4;6;5;5;7;6;4;4;6;7;6;1;6;7;5;6;6;7;N;;;;;O;;;;;;;;;;;
117;EI;;;F;1990;7;5;5;4;4;4;7;5;5;5;3;3;5;5;5;4;4;4;5;5;5;6;5;4;5;4;8;O;O;;;;;;;;;;;;;;;
118;EI;;;F;1991;7;5;4;4;3;4;7;5;3;5;2;3;6;5;6;3;4;3;6;5;4;6;5;3;3;4;8;O;O;;;;O;;;;;;;;;;;
119;EI;;;F;1991;5;6;6;6;5;3;2;3;2;3;1;3;4;2;3;2;4;2;2;4;2;2;2;2;1;3;8;O;;;;;;;;;;;;;;;;
120;EI;;;F;1991;7;7;7;7;4;4;7;6;3;7;7;5;2;6;7;5;6;4;6;4;6;4;6;5;1;7;8;N;;;;;O;;;;;;;;;;;
121;EI;ERS 1;2012/2015;F;1990;7;7;6;5;4;3;7;7;7;6;3;3;3;5;6;5;5;5;7;4;4;5;7;4;7;4;1;O;;;;O;;;;;;;;;;;;
122;EI;;;F;1992;7;6;6;4;4;2;6;2;4;6;4;2;4;2;5;3;2;4;3;4;3;3;4;4;2;4;1;O;;;;;;;;;;;;;;;;
123;EI;;;F;1993;6;5;4;3;3;3;3;3;5;5;4;4;5;4;4;3;2;4;3;2;2;2;3;3;3;2;1;O;;;;O;;O;;;;;;;;;;
124;EI;;;F;1984;7;5;4;4;4;6;7;5;6;4;3;4;4;4;4;4;4;5;1;3;4;4;6;1;4;4;1;O;;;;O;;;;;;;;;;;;
125;EI;;;F;1988;7;6;5;4;3;5;7;7;5;7;5;2;7;6;6;4;4;7;7;7;5;5;7;1;5;4;1;O;;;;O;;;;;;;;;;;;
126;EI;;;F;1991;7;7;6;3;3;3;7;5;6;4;5;3;6;5;5;5;4;5;6;6;5;4;7;3;2;4;1;O;;O;;O;;O;;;;;;;;;;
127;EI;;;;;6;6;6;4;3;5;3;6;7;6;6;3;7;7;6;4;5;7;7;7;4;7;7;5;7;5;;;;;;;;;;;;;;;;;;
128;EI;;;M;1982;7;7;7;4;4;7;7;7;5;7;1;4;7;6;7;5;5;6;7;5;4;6;7;4;7;5;1;O;;;;;;O;;;;;;;;;;
129;EI;;;F;1987;7;7;7;4;4;5;7;7;7;7;1;4;7;7;7;5;7;7;7;7;4;7;7;4;2;7;1;O;;;;;;O;;;;;;;;;;
130;EI;;;F;1979;7;7;7;4;4;7;7;7;7;7;7;4;4;7;7;4;4;7;4;4;4;7;7;4;7;4;1;O;;;;;;O;;;;;;;;;;
131;EI;;;F;1980;7;7;7;5;4;6;7;7;5;7;1;4;7;7;7;5;5;7;7;7;5;7;7;5;1;6;2;O;;O;;O;;O;;;;;;;;;;
132;EI;;;F;1978;6;6;6;4;4;5;3;6;6;6;5;6;5;5;7;5;5;6;7;5;6;4;6;5;6;6;2;O;;O;;;;;;;;;;;;;;
133;EI;;;F;1980;6;5;5;4;4;5;6;5;5;6;4;3;5;4;5;4;4;5;5;4;4;5;5;5;4;5;2;O;;O;;;;;;;;;;;;;;
134;EI;;;F;;7;4;6;3;1;5;7;5;1;5;1;1;6;5;5;3;3;3;5;4;1;4;6;1;1;3;2;O;;;;O;;;;;;;;;;;;
135;EI;;;F;1989;7;6;5;5;5;6;7;7;5;6;2;4;7;7;6;4;5;6;7;7;6;7;7;4;2;5;2;O;;;O;;;;;;;;;;;;;
136;EI;;;F;1992;7;5;5;5;3;5;6;6;4;6;4;4;7;4;3;4;4;6;6;7;1;4;4;5;5;4;2;O;;;O;;;O;;;;;;;;;;
137;EI;;;F;1983;7;7;4;4;3;6;7;7;4;7;4;3;7;5;5;4;4;6;7;4;5;4;7;4;4;6;2;O;;;;;;;;;;;;;;;;
138;EI;;;F;1987;6;5;4;4;3;3;5;3;2;5;1;4;6;3;4;4;3;4;3;4;1;4;6;3;4;3;2;O;;;;;;;;;;;;;;;;
139;EI;;;M;1986;6;5;4;4;3;4;6;6;6;6;5;4;4;5;5;5;4;4;5;4;5;5;5;5;4;5;2;O;;;;O;;O;;;;;;;;;;
140;EI;;;F;1981;6;5;5;4;5;4;4;5;4;5;4;4;5;4;4;4;4;4;5;4;2;4;6;4;2;5;2;O;;;;;;;;;;;;;;;;
141;EI;;;F;1992;5;4;5;3;1;2;5;4;4;5;1;1;2;4;3;1;2;3;5;4;3;3;5;1;1;2;3;O;;O;;;;;;;;;;;;;;
142;EI;;;F;1992;7;7;6;4;4;4;7;6;2;6;7;4;7;4;6;5;4;3;4;4;6;4;6;5;7;6;3;O;O;;;O;;;;;;;;;;;;
143;EI;;;F;1992;7;5;5;4;4;6;5;5;7;7;3;4;4;4;6;3;5;5;7;7;5;5;6;5;7;3;3;O;;O;;;;;;;;;;;;;;
144;EI;;;F;1989;5;6;6;5;4;2;7;5;2;4;2;4;4;4;4;4;4;4;4;4;2;4;2;3;4;4;3;O;;;;;;;;;;;;;;;;
145;EI;;;F;1991;7;6;6;4;3;6;7;7;5;6;6;3;5;6;7;4;6;6;7;4;4;7;7;5;7;6;3;N;O;;;O;;;;;;;;;;;;
146;EI;;;F;1992;6;5;5;4;3;3;7;5;4;4;2;3;6;4;4;3;3;3;3;3;6;4;4;3;3;3;3;O;;O;;;;;;;;;;;;;;
147;EI;;;F;1993;6;5;7;3;1;3;7;7;6;6;6;1;5;5;6;4;4;6;7;6;2;6;6;4;6;4;3;O;;;;;;;;;;;;;;;;
148;EI;;;F;1990;3;5;6;4;5;6;5;4;6;6;2;5;6;4;6;3;3;6;6;6;3;4;5;4;3;4;3;O;;O;;;;;;;;;;;;;;
149;EI;;;F;1991;7;6;5;4;2;5;7;7;5;5;2;1;5;6;5;3;5;5;5;4;5;4;5;3;5;4;3;O;;O;;;;;;;;;;;;;;
150;EI;;;F;1992;7;5;5;4;1;3;5;4;5;6;1;2;6;4;4;1;3;4;6;7;1;4;7;1;3;1;3;O;;O;;;;;;;;;;;;;;
151;EI;;;F;1991;7;6;6;4;4;5;5;5;2;6;1;1;3;4;3;1;4;4;4;7;4;4;6;4;1;4;3;O;O;O;;;;;;;;;;;;;;
152;EI;;;F;1988;7;5;5;4;4;5;7;5;5;6;4;4;7;6;5;4;3;4;5;5;4;6;6;4;4;4;4;O;;O;;;;;;;;;;;;;;
153;EI;;;F;1992;6;6;5;4;4;2;5;3;4;5;4;4;6;4;5;3;4;4;4;3;3;3;4;3;4;4;4;O;;O;;;;;;;;;;;;;;
154;EI;;;F;1990;7;5;7;4;4;4;5;5;5;6;4;4;6;6;6;4;4;5;6;5;2;6;5;4;2;4;4;N;;;;;;O;;;;;;;;;;
155;EI;;;F;1989;6;6;5;4;4;3;5;4;4;6;5;5;6;5;4;4;4;5;4;4;4;5;4;4;4;4;4;N;;;;;;;;;;;;;;;;
156;EI;;;M;1988;7;5;5;4;4;2;6;5;6;6;6;6;7;5;7;3;5;7;5;7;6;4;3;5;7;7;4;O;;;;O;;;;;;;;;;;;
157;EI;;;M;1991;7;6;2;4;3;2;7;5;1;5;1;4;7;7;7;3;4;6;5;5;3;6;5;3;1;6;4;O;;;;O;;;;;;;;;;;;
158;EI;;;F;1990;7;4;4;3;2;5;6;4;5;6;1;3;7;4;4;3;3;4;6;5;2;2;4;3;2;4;4;O;;;;O;;;;;;;;;;;;
159;EI;;;M;1990;7;1;4;4;4;1;1;7;4;5;1;5;4;4;5;5;4;7;5;1;1;4;4;4;1;4;4;O;;;;;;;;;;;;;;;;
160;EI;;;F;1991;5;5;3;4;4;4;4;4;4;5;4;4;5;5;4;4;4;4;5;4;3;4;4;4;4;4;4;O;;;;;;;;;;;;;;;;
161;EI;;;F;1991;6;7;6;5;5;6;7;6;2;6;7;4;7;7;7;5;5;7;7;7;7;7;5;5;7;7;4;O;;;;O;;;;;;;;;;;;
162;EI;;;M;1986;4;6;5;5;1;7;1;5;5;5;4;4;2;2;5;4;4;5;5;4;4;3;3;3;4;4;4;O;;;;;O;;;;;;;;;;;
163;EI;;;;;7;5;6;4;4;6;5;5;6;6;5;4;5;5;5;5;5;5;6;6;3;5;5;5;5;5;5;O;;O;;;;;;;;;;;;;;
164;EI;;;F;1992;7;4;5;4;5;2;5;5;4;6;3;5;6;5;5;4;4;5;6;5;4;5;5;5;3;4;5;O;;;;O;;;;;;;;;;;;
165;EI;;;F;1990;6;4;6;4;4;2;7;5;5;4;5;3;6;4;4;3;4;6;5;3;1;4;4;4;4;4;5;O;O;;;;;;;;;;;;;;;
166;EI;;;F;1991;7;5;6;3;4;6;6;6;6;4;5;5;7;5;6;4;4;5;6;6;5;5;7;4;7;6;5;O;O;;;;;;;;;;;;;;;
167;EI;;;F;1991;6;5;5;5;4;2;3;4;4;5;4;4;4;4;4;4;4;4;4;5;4;4;5;5;5;5;5;O;;;;O;;;;;;;;;;;;
168;EI;;;F;1987;6;2;6;5;3;2;3;5;2;6;1;4;7;4;5;5;4;4;6;5;4;6;6;4;4;4;5;O;;O;;;;;;;;;;;;;;
169;EI;;;M;1983;7;4;2;6;6;1;7;1;7;7;1;5;7;1;6;5;5;1;1;4;4;1;1;5;1;5;5;O;;;;;;;;;;;;;;;;
170;EI;;;F;1989;7;6;5;5;3;5;7;5;7;6;6;5;7;6;6;5;5;6;5;5;2;6;6;4;7;5;5;O;;;;;;;;;;;;;;;;
171;EI;;;M;1988;6;6;7;2;3;1;7;4;7;7;4;3;7;7;5;1;1;6;7;4;1;5;5;1;4;3;5;O;;;;;;;;;;;;;;;;
172;EI;;;F;1993;7;7;5;4;4;4;6;5;6;5;5;3;7;5;5;4;4;4;4;4;5;4;5;4;5;4;5;O;;O;;;;;;;;;;;;;;
173;EI;;;F;1992;7;6;7;5;6;7;7;7;5;7;1;5;5;6;6;5;6;5;7;5;3;6;7;6;4;5;5;O;;O;;;;;;;;;;;;;;
174;EI;;;F;1989;7;7;3;3;5;4;7;7;4;7;1;6;7;7;7;4;4;3;7;6;7;7;7;7;7;7;5;O;O;;;;;;;;;;;;;;;
175;EI;;;F;1993;6;5;4;4;3;4;5;4;5;5;3;3;6;5;5;3;3;4;4;6;5;4;5;4;5;4;6;O;O;;;;;;;;;;;;;;;
176;EI;;;F;1989;7;5;6;6;4;7;5;5;6;6;1;4;7;5;5;5;5;5;5;5;4;5;5;4;2;5;6;O;O;;;O;;;;;;;;;;;;
177;EI;;;F;1988;7;7;7;5;6;5;7;5;5;6;4;5;7;7;7;7;4;6;6;6;6;7;7;7;7;7;6;O;O;;;;;;;;;;;;;;;
178;EI;;;F;1992;6;4;4;3;5;4;6;5;4;7;4;5;7;5;5;3;3;4;6;5;5;5;4;3;1;3;6;O;O;;;;;;;;;;;;;;;
179;EI;;;F;1988;7;5;5;4;4;5;7;4;5;5;3;4;6;5;4;4;4;5;5;6;5;5;5;4;3;4;6;O;O;;;;;;;;;;;;;;;
180;EI;;;M;1985;7;7;4;4;5;3;7;6;6;4;5;6;6;5;6;5;4;6;6;7;2;3;6;5;5;4;6;O;O;O;;;;;;;;;;;;;;
181;EI;;;F;1972;7;6;6;4;3;4;7;7;7;6;6;6;6;4;4;4;5;4;5;5;6;3;4;5;5;5;6;O;;;;O;;;;;;;;;;;;
182;EI;;;F;1993;7;6;4;4;3;3;6;7;4;6;2;4;7;4;6;4;5;5;4;3;2;5;4;3;2;4;6;O;O;;;O;;;;;;;;;;;;
183;EI;;;F;1988;6;6;5;4;5;3;5;4;3;6;4;3;4;4;5;4;4;4;5;4;6;4;4;4;5;4;6;O;;;;O;;;;;;;;;;;;
184;EI;;;F;1992;5;4;3;4;3;6;3;4;4;4;5;2;5;4;6;4;4;3;5;3;3;4;4;3;4;4;6;O;;;;O;;;;;;;;;;;;
185;EI;;;M;1990;6;6;5;4;3;5;7;5;5;5;5;4;6;5;6;4;4;3;5;5;6;5;5;5;6;6;6;O;;;;;;;;;;;;;;;;
186;EI;ERS 3;2010/2013;F;1975;6;6;5;4;5;6;7;7;6;6;4;6;7;6;6;5;5;6;6;6;4;5;7;7;5;5;1;O;;O;;;;;;;;;;;;;;
187;EI;;;M;1964;7;7;6;5;7;1;1;7;1;6;1;7;7;7;7;5;6;7;7;7;1;7;7;6;1;7;2;O;;;O;;;;;;;;;;;;;
188;EI;;;F;1964;6;6;5;4;3;1;7;5;1;5;1;4;7;5;4;4;5;5;5;5;7;6;5;5;1;4;2;O;;;;O;;;;;;;;;;;;
189;EI;;;F;1974;7;7;7;5;7;1;6;7;1;7;1;7;7;7;7;5;7;7;6;7;5;7;7;5;3;7;2;O;;;;O;;;;;;;;;;;;
190;EI;;;F;1977;7;7;6;5;4;4;2;4;1;6;1;4;7;4;6;3;3;7;7;6;1;5;7;4;2;4;2;O;;;;;;O;;;;;;;;;;
191;EI;;;F;1977;7;7;6;5;4;7;7;7;3;7;4;3;7;6;7;5;6;6;3;6;6;5;6;5;2;4;2;N;O;;;;;;;;;;;;;;;
192;EI;;;F;1989;7;7;3;5;6;4;7;6;6;7;5;5;7;7;7;6;6;6;7;6;6;7;6;5;7;6;2;O;;O;;O;;;;;;;;;;;;
193;EI;;;F;1991;7;6;5;5;5;7;7;7;7;6;6;5;6;6;6;6;5;6;6;7;4;6;5;5;7;6;2;O;;O;;O;;;;;;;;;;;;
194;EI;;;F;1990;7;7;7;5;6;4;6;4;4;5;4;3;7;6;7;6;6;7;6;5;3;7;5;5;4;7;2;O;;O;;O;;;;;;;;;;;;
195;EI;;;F;1988;6;7;7;4;6;4;7;4;2;7;2;5;7;5;5;5;5;5;5;5;3;5;5;5;4;4;3;O;O;;;O;;;;;;;;;;;;
196;EI;;;F;1984;5;7;3;4;3;3;7;7;2;4;3;5;6;5;4;4;7;6;4;4;1;5;4;3;4;5;3;O;O;;;O;;;;;;;;;;;;
197;EI;;;F;1989;7;7;6;4;5;5;7;5;3;6;1;2;7;5;6;5;4;4;5;5;5;5;6;4;5;5;3;O;;;;O;;;;;;;;;;;;
198;EI;;;F;1990;6;6;5;5;6;6;7;7;4;5;3;5;5;5;6;6;6;6;6;5;4;5;5;4;4;4;3;O;;;;O;;O;;;;;;;;;;
199;EI;;;F;1991;5;5;6;5;4;4;7;6;5;5;5;5;7;6;6;7;5;7;5;6;7;6;6;5;4;5;3;O;;O;;;;;;;;;;;;;;
200;EI;;;F;1987;7;7;7;4;4;7;4;6;7;6;3;4;5;5;6;5;5;6;6;5;5;6;5;4;5;5;3;N;O;;;;;;;;;;;;;;;
201;EI;;;F;1991;7;6;5;4;2;5;7;6;5;6;4;2;5;6;7;5;4;6;6;4;5;6;6;5;6;4;3;O;O;O;;O;;;;;;;;;;;;
202;EI;;;F;1990;5;5;4;4;5;6;6;5;5;5;3;4;5;5;6;5;5;6;5;5;3;4;6;4;5;4;3;O;;;;O;;;;;;;;;;;;
203;EI;;;F;1989;6;5;5;4;4;5;6;6;4;5;1;4;6;6;5;5;5;6;5;5;3;6;5;5;5;4;3;O;;O;;;;;;;;;;;;;;
204;EI;;;F;1987;7;5;5;5;5;7;7;3;5;7;5;3;7;4;5;5;5;5;3;7;7;5;5;5;5;5;3;O;O;;;O;;;;;;;;;;;;
205;EI;;;F;1990;7;5;5;5;4;4;6;4;4;6;3;3;6;4;5;4;5;6;5;5;6;5;6;6;2;5;3;O;;O;;;;;;;;;;;;;;
206;EI;;;M;1990;6;6;7;4;5;5;5;4;4;5;3;4;7;5;6;4;5;6;6;4;6;5;6;6;6;6;4;O;;;;;;O;O;;;;;;;;;
207;EI;;;M;1988;5;1;6;7;5;3;1;1;2;5;1;5;4;3;1;5;4;3;3;7;7;4;4;6;4;5;4;O;;;;O;;O;;;;;;;;;;
208;EI;;;M;1970;7;5;5;5;5;3;5;6;4;5;4;4;4;2;4;5;6;5;4;4;1;2;3;7;5;5;4;O;;;;O;;;;;;;;;;;;
209;EI;;;F;1990;6;5;4;4;2;6;2;5;3;6;2;2;2;4;5;5;6;4;3;4;4;4;3;5;5;6;4;O;;O;;;;;;;;;;;;;;
210;EI;;;F;1990;7;7;5;5;4;5;6;6;4;5;1;4;7;5;6;4;4;4;4;4;4;5;4;4;4;4;4;O;;O;;;;;;;;;;;;;;
211;EI;;;F;1990;7;7;4;5;4;1;6;5;5;6;1;4;7;5;4;5;4;4;3;5;4;6;6;3;4;5;4;O;;O;;;;;;;;;;;;;;
212;EI;;;F;1990;7;7;5;5;5;1;7;4;1;7;2;5;7;6;5;6;5;6;3;3;3;6;5;5;5;7;5;O;;O;;O;;;;;;;;;;;;
213;EI;;;F;1991;7;5;6;5;4;3;6;6;3;7;2;4;6;5;3;4;5;5;6;3;3;6;6;5;5;5;5;O;;;;O;;;;;;;;;;;;
214;EI;;;F;1991;7;6;6;5;7;6;5;6;6;6;6;7;7;5;6;6;6;7;5;7;6;5;6;5;6;6;5;O;;O;;;;;;;;;;;;;;
215;EI;;;F;1988;6;6;4;4;3;3;7;3;2;3;4;3;5;4;5;4;4;4;3;3;6;3;3;3;3;4;5;O;;O;;;;;;;;;;;;;;
216;EI;;;F;1991;7;4;6;4;3;4;7;5;5;5;7;3;5;5;4;3;3;7;5;6;1;6;5;3;5;6;5;O;O;;;O;;;;;;;;;;;;
217;EI;;;F;1989;7;5;5;4;4;4;5;6;4;5;3;4;5;5;5;5;5;4;5;5;5;5;6;5;5;5;5;O;;O;;;;;;;;;;;;;;
218;EI;;;F;1991;7;6;6;6;5;5;5;6;3;7;4;4;6;6;7;4;5;5;5;6;6;6;6;5;6;6;5;O;;O;;;;;;;;;;;;;;
219;EI;;;F;1991;7;7;6;4;6;6;7;6;7;6;7;6;7;6;6;5;6;6;7;6;5;7;7;4;5;5;5;O;;O;;O;;;;;;;;;;;;
220;EI;;;F;1991;7;7;6;5;2;6;4;6;5;7;5;2;6;4;5;5;5;6;5;7;4;5;5;6;3;6;5;O;O;O;;O;;;;;;;;;;;;
221;EI;;;F;1988;7;5;5;5;6;3;7;6;1;7;1;4;2;5;6;6;6;3;7;3;7;5;5;4;5;7;6;O;O;;;O;;;;;;;;;;;;
222;EI;;;F;1989;7;7;7;5;5;3;7;6;1;7;1;4;7;6;7;6;6;7;7;5;4;6;6;4;2;7;6;N;O;;;O;;;;;;;;;;;;
223;EI;;;F;1989;7;7;6;6;3;4;3;5;4;5;3;3;5;4;5;6;4;3;4;5;1;4;5;4;4;6;6;O;;O;;;;;;;;;;;;;;
224;EI;;;F;1986;7;6;6;6;5;4;6;5;4;5;5;5;5;4;6;5;5;5;6;6;5;5;5;4;4;5;6;O;;O;;;;;;;;;;;;;;
225;EI;;;F;1983;6;5;6;4;4;5;7;5;4;6;2;5;7;4;6;5;5;5;6;5;4;4;4;5;4;5;6;O;;O;;O;;;;;;;;;;;;
226;EI;;;F;1988;7;7;7;5;4;5;7;6;6;7;1;4;7;7;6;5;4;4;6;6;5;7;6;5;2;5;6;O;;O;;;;;;;;;;;;;;
227;EI;;;F;1989;6;6;6;5;5;5;5;5;6;6;6;4;5;5;5;5;5;6;5;5;6;4;5;6;6;6;6;O;;O;;;;;;;;;;;;;;
228;EI;;;F;1989;5;5;6;5;5;3;7;5;4;6;4;6;6;3;4;5;5;3;4;5;4;3;3;6;3;5;6;N;;;;;;;;;;;;;;;;
229;EI;;;F;1989;7;7;7;4;4;5;7;6;5;7;3;4;7;6;7;5;6;6;7;6;3;5;6;5;4;6;6;O;O;;;;;;;;;;;;;;;
230;EI;;;F;1986;7;7;7;4;5;5;7;6;5;5;3;4;5;5;6;5;5;6;5;5;6;6;6;5;5;6;6;O;;O;;;;;;;;;;;;;;
231;EI;;;F;1988;7;7;7;4;7;6;7;5;1;7;4;6;7;7;5;5;5;6;7;6;1;7;6;6;6;6;6;O;;O;;;;;;;;;;;;;;
232;EI;;;F;1990;7;7;7;7;6;6;7;7;6;7;6;5;7;6;6;6;6;7;7;6;1;6;7;6;6;7;6;O;;O;;;;;;;;;;;;;;
233;EI;;;M;1989;7;6;6;6;6;4;4;6;4;6;1;6;6;6;6;6;6;4;6;4;4;6;6;6;4;6;6;O;;O;;;;;;;;;;;;;;
234;EI;;;F;1990;6;6;6;4;4;3;7;6;4;5;1;3;5;5;5;4;4;5;6;6;3;5;4;4;3;5;7;O;;O;;;;;;;;;;;;;;
235;EI;;;F;1991;7;6;6;5;5;5;7;5;2;6;5;5;6;6;4;5;5;5;6;6;4;6;5;5;5;5;7;O;;O;;;;;;;;;;;;;;
236;EI;;;F;1990;6;6;5;4;5;4;7;6;4;5;5;5;7;5;7;4;4;6;6;5;7;6;7;6;1;5;7;O;;O;;;;;O;;;;;;;;;
237;EI;;;M;1976;5;5;4;4;5;2;4;5;2;5;2;4;6;4;6;5;4;5;5;6;5;6;6;3;1;4;7;N;O;;;;;;;;;;;;;;;
238;EI;;;F;1987;7;7;4;2;4;4;6;4;1;5;1;4;6;5;4;2;2;6;6;2;2;6;4;2;1;3;7;O;;O;;;;;;;;;;;;;;
239;EI;;;F;1991;7;7;4;7;7;7;7;3;3;5;5;6;7;5;7;6;6;6;5;4;5;6;5;5;4;7;7;O;;O;;;;;;;;;;;;;;
240;EI;;;;;7;7;6;7;5;7;7;7;4;7;5;3;7;4;7;4;3;1;3;6;7;6;7;4;6;5;8;;;;;;;;;;;;;;;;;
241;EI;;;F;1962;6;7;7;4;3;6;7;7;7;5;1;1;7;6;7;1;3;7;7;3;7;6;7;1;1;4;8;O;;;;;;;;;;;;;;;;
242;EI;;;F;1988;7;5;4;4;5;6;3;6;7;6;5;4;4;5;5;5;5;6;6;5;2;5;5;4;3;6;9;O;;;;O;;;;;;;;;;;;
243;EI;;;F;1983;7;6;3;1;4;7;1;7;4;5;2;5;3;6;5;3;2;6;4;6;2;5;3;6;5;3;9;O;;;;O;;;;;;;;;;;;
244;EI;;;F;1988;6;4;4;3;1;5;6;5;3;5;4;1;2;4;3;1;4;5;6;2;1;4;4;2;5;3;9;O;;;;O;;;;;;;;;;;;
245;EI;STR 3;2010/2013;F;1991;7;7;7;7;7;7;7;7;7;7;7;7;7;7;7;7;7;7;7;7;7;7;7;7;7;7;1;N;;;;;O;;;;;;;;;;;
246;EI;;;M;1988;7;4;5;7;7;7;1;7;7;7;7;7;7;7;7;7;7;7;7;7;1;4;7;7;7;7;1;N;;;;;O;;;;;;;;;;;
247;EI;;;M;1988;7;6;6;5;6;4;7;6;4;7;3;6;7;6;6;5;5;6;7;6;4;6;6;5;1;5;1;N;;;;;O;;;;;;;;;;;
248;EI;;;F;1987;7;7;7;4;5;5;7;7;5;7;4;4;7;7;5;4;4;5;7;5;4;7;6;4;4;4;1;N;;;;;O;;;;;;;;;;;
249;EI;;;M;1976;7;5;6;5;5;5;3;6;4;5;6;6;7;6;6;5;6;7;6;6;5;6;5;5;5;7;2;N;;;;;O;;;;;;;;;;;
250;EI;;;F;1987;7;5;5;4;4;3;2;4;4;6;1;2;2;4;5;4;4;6;5;1;1;3;4;4;5;5;2;N;;;;;O;;;;;;;;;;;
251;EI;;;F;1980;7;5;6;4;1;7;2;4;1;4;1;2;7;6;4;4;4;6;4;4;1;4;4;4;4;4;2;O;O;O;;;;;;;;;;;;;;
252;EI;;;F;1975;4;4;7;7;7;7;5;6;7;7;1;6;7;7;1;7;7;4;7;7;1;7;7;5;1;5;2;O;;;;O;;;;;;;;;;;;
253;EI;;;F;1977;7;4;7;2;2;5;7;5;1;4;3;2;7;7;4;3;3;6;6;6;1;6;5;4;4;4;2;O;;O;;;;;;;;;;;;;;
254;EI;;;F;1981;7;5;4;4;6;5;7;6;1;5;1;5;7;5;1;6;7;5;5;5;7;6;7;5;5;7;2;O;O;;;;;;;;;;;;;;;
255;EI;;;F;1989;7;4;5;5;4;1;7;7;1;4;4;4;7;7;4;4;4;6;7;7;5;7;7;4;6;5;2;N;;;;;O;;;;;;;;;;;
256;EI;;;F;1991;7;7;6;7;3;3;7;4;3;5;2;3;7;6;5;6;6;5;4;6;5;7;6;5;4;5;2;N;;;;;;;;;;;;;;;;
257;EI;;;M;1984;7;1;5;4;6;1;1;1;1;7;1;7;7;6;7;1;5;7;1;7;1;6;6;4;1;4;2;N;;;;;O;;;;;;;;;;;
258;EI;;;M;1988;7;4;6;5;4;4;5;5;3;6;2;4;7;4;5;4;4;5;6;4;2;5;5;2;1;5;2;N;;;;;O;;;;;;;;;;;
259;EI;;;F;1978;7;3;5;5;7;3;3;4;2;5;7;7;7;5;6;7;7;7;5;7;4;4;5;7;2;7;3;O;O;;O;O;;;;;;;;;;;;
260;EI;;;F;1986;7;4;5;3;5;2;7;3;2;4;5;5;5;2;2;4;3;4;3;2;6;1;3;3;1;3;3;O;O;;O;O;;;;;;;;;;;;
261;EI;;;F;1984;5;6;6;3;4;5;7;5;2;5;2;4;6;6;6;3;2;4;5;5;2;6;6;2;2;4;3;O;O;O;;O;;;;;;;;;;;;
262;EI;;;F;1972;7;6;6;7;4;5;5;5;4;4;5;5;3;3;3;6;6;6;6;4;3;5;6;6;6;5;3;N;;;;O;;;;;;;;;;;;
263;EI;;;F;1987;7;5;4;4;4;4;4;7;4;5;5;3;1;5;4;4;4;6;6;4;1;4;7;4;1;3;3;O;O;;O;O;;;;;;;;;;;;
264;EI;;;F;1988;7;7;5;5;7;7;7;7;6;7;4;7;7;6;7;4;6;6;4;4;1;7;6;7;4;7;3;N;;;;;O;;;;;;;;;;;
265;EI;;;F;1989;4;7;6;5;4;1;7;3;1;7;1;4;6;4;7;4;5;2;2;3;1;2;2;5;1;3;3;N;;;;;O;;;;;;;;;;;
266;EI;;;F;1964;4;4;6;4;1;2;5;2;1;2;4;1;2;7;4;2;2;2;4;4;2;7;4;2;2;4;3;N;;;;;;;;;;;;;;;;
267;EI;;;M;1987;5;7;6;7;5;2;2;4;1;2;1;5;7;7;7;5;6;7;2;3;1;7;7;4;5;6;3;N;;;;;O;;;;;;;;;;;
268;EI;;;M;1978;7;4;4;5;7;1;7;6;1;7;1;7;7;2;7;4;7;7;7;7;3;5;7;7;2;6;3;N;;;;;O;;;;;;;;;;;
269;EI;;;;;7;7;7;7;7;5;4;6;2;7;5;7;7;6;7;6;7;7;7;7;4;7;7;7;5;5;4;O;;;;;;;;;;;;;;;;
270;EI;;;;;5;6;5;5;4;5;6;5;7;6;6;4;4;4;4;4;5;4;5;3;1;4;4;4;6;4;4;O;;;;;;;;;;;;;;;;
271;EI;;;F;1984;7;7;6;4;5;4;6;7;7;7;7;5;7;7;6;5;5;5;7;6;5;7;6;6;5;4;4;O;;;;;;;;;;;;;;;;
272;EI;;;F;1986;7;7;7;6;5;5;7;7;5;7;5;4;7;7;7;5;7;7;7;5;6;7;7;5;4;5;4;N;;;;;;;O;;;;;;;;;
273;EI;;;F;1990;4;4;6;3;7;4;3;5;4;3;1;2;6;4;4;2;2;3;4;3;3;3;4;4;4;4;4;N;;;;;;;;;;;;;;;;
274;EI;;;F;1990;4;6;6;4;4;5;6;5;4;6;3;5;6;4;6;6;5;3;5;2;4;5;5;5;5;6;4;N;;;;;O;;;;;;;;;;;
275;EI;;;F;1991;5;4;4;2;1;4;7;4;4;5;7;1;4;1;5;4;4;3;4;3;5;4;3;4;5;4;4;O;;;;;;;;;;;;;;;;
276;EI;;;M;1980;6;6;4;4;5;1;4;4;1;6;1;4;5;2;5;4;4;3;5;3;2;1;4;4;4;6;4;N;;;;;;;O;;;;;;;;;
277;EI;;;F;1977;7;3;4;4;2;3;7;4;4;6;2;3;6;5;5;6;5;6;4;5;6;4;6;3;2;4;5;O;;;;;;;O;;;;;;;;;
278;EI;;;F;1984;7;3;6;4;5;6;2;4;4;7;2;1;7;4;7;4;4;2;4;5;1;4;4;2;4;5;5;O;;;;;;;O;;;;;;;;;
279;EI;;;F;1990;6;5;7;3;2;5;6;6;6;6;1;2;5;5;4;3;5;4;6;4;4;6;6;5;5;5;5;O;;;;O;;;O;;;;;;;;;
280;EI;;;F;1991;7;7;5;1;4;7;7;5;4;5;5;3;5;7;7;5;5;4;4;3;4;7;4;4;5;6;5;O;;;;;;;;;;;;;;;;
281;EI;;;F;1988;7;7;7;4;5;7;7;7;4;7;7;5;7;7;7;6;6;7;7;7;4;7;7;5;7;6;5;O;;;;O;;;;;;;;;;;;
282;EI;;;M;1991;5;5;7;4;6;7;7;5;7;6;7;4;5;7;7;3;6;5;6;4;4;6;6;3;1;4;5;O;;;;;;;;;;;;;;;;
283;EI;;;F;1990;7;7;7;4;6;6;7;7;1;7;6;5;7;7;7;5;5;7;7;7;6;7;7;5;7;5;5;N;;;;;O;;;;;;;;;;;
284;EI;;;F;1990;7;6;7;3;5;6;7;7;1;7;1;3;7;7;7;3;4;7;7;7;4;7;7;3;1;3;5;O;O;;;;;;;;;;;;;;;
285;EI;;;F;1991;7;6;6;4;4;6;7;5;3;6;1;4;7;5;6;3;3;4;6;4;4;5;5;4;5;6;5;O;;O;;;;;;;;;;;;;;
286;EI;;;F;1983;6;5;7;1;4;6;1;7;7;6;1;1;4;3;7;2;2;7;3;6;2;2;2;2;1;3;5;N;;;;;;;;;;;;;;;;
287;EI;;;F;1976;7;7;7;5;5;3;7;7;1;7;1;5;7;5;7;5;5;7;7;7;7;5;7;5;5;5;6;N;;;;;O;;;;;;;;;;;
288;EI;;;;1992;7;7;7;4;5;1;4;1;5;4;3;3;7;1;7;5;6;4;4;4;6;1;3;6;1;5;6;N;;;;;;;O;;;;;;;;;
289;EI;;;M;1986;7;1;7;7;7;1;1;1;1;7;1;7;7;4;7;7;7;7;7;7;1;4;4;7;1;7;6;O;;;;O;;;;;;;;;;;;
290;EI;;;M;1988;5;7;5;3;4;1;3;3;6;6;2;6;6;1;5;3;4;2;2;5;5;3;3;3;5;6;6;O;O;;;;;;O;;;;;;;;;
291;EI;;;M;1987;7;7;7;6;7;4;6;4;4;6;1;7;7;5;7;5;5;4;5;6;7;5;6;5;1;5;6;O;;;;O;;;;;;;;;;;;
292;EI;;;F;1988;7;4;6;3;4;1;4;4;1;6;3;3;7;4;4;4;3;7;6;4;1;4;4;4;1;4;6;N;O;;;;;;;;;;;;;;;
293;EI;;;F;1990;6;7;4;4;4;1;7;3;1;5;1;4;6;4;7;5;4;4;4;3;4;5;3;3;1;3;6;N;;;;;;;;;;;;;;;;
294;EI;;;F;1991;7;7;6;4;5;6;7;5;5;6;2;5;7;5;6;4;4;4;5;3;7;5;5;4;5;4;6;O;;;;;;;O;;;;;;;;;
295;EI;;;F;1989;7;4;5;5;4;2;2;4;2;4;2;4;7;5;3;3;4;6;4;4;5;4;5;5;4;7;6;N;;;;;O;;;;;;;;;;;
296;EI;;;M;1987;6;5;5;3;4;4;5;5;6;5;1;4;2;4;5;3;4;6;5;5;4;5;5;4;3;4;6;N;;;;;O;;;;;;;;;;;
297;EI;;;M;;6;6;4;4;5;1;7;5;3;7;1;3;7;1;3;3;3;5;5;5;7;5;5;4;1;3;6;N;;;;;;;O;;;;;;;;;
298;EI;;;F;1989;5;6;4;5;6;6;6;6;4;7;6;6;7;6;7;5;5;7;7;4;5;7;6;7;5;5;7;N;;;;O;;;;;;;;;;;;
299;EI;;;F;1989;7;6;7;7;7;4;4;7;4;7;7;7;7;7;7;5;5;6;7;5;4;7;7;7;5;6;7;N;;;;;;;;;;;;;;;;
300;EI;;;F;1988;5;2;4;2;6;2;4;4;1;6;1;6;6;6;2;4;4;2;5;3;2;6;6;3;1;3;7;N;;;;;O;;;;;;;;;;;
301;EI;;;F;1990;7;7;6;5;5;4;7;5;1;7;1;5;7;5;7;4;4;4;6;4;5;7;6;4;4;5;7;N;;;;;;;;;;;;;;;;
302;EI;;;F;1984;7;6;6;5;5;5;7;5;5;5;6;5;7;6;5;5;5;5;6;6;4;5;5;5;6;6;7;N;;;;;;;;;;;;;;;;
303;EI;;;M;1987;7;4;4;7;7;1;5;2;1;7;1;7;5;1;5;4;3;1;3;4;4;3;4;4;1;7;7;N;;;;;;;;;;;;;;;;
304;EI;;;F;1991;7;5;4;7;7;1;4;3;1;7;7;7;7;5;7;6;6;1;4;4;4;4;3;4;1;7;7;N;O;;;;;;;;;;;;;;;
305;EI;;;F;1990;7;7;6;5;6;4;1;4;3;5;3;7;7;4;7;5;5;5;4;3;7;3;5;4;7;5;7;N;O;;;;;;;;;;;;;;;
306;EI;;;F;1986;7;7;7;4;6;1;3;2;1;7;1;5;7;6;7;2;5;6;4;7;1;5;1;1;1;4;7;N;;;;;;;;;;;;;;;;
307;EI;;;F;1981;7;7;7;5;4;4;7;5;1;4;1;4;7;7;5;3;7;5;7;4;5;7;6;4;1;5;7;O;;;;O;;;;;;;;;;;;
308;EI;;;F;1990;7;4;6;4;3;4;3;5;6;6;5;3;4;5;4;2;2;5;5;4;4;6;6;4;4;4;7;N;;;;;;;;;;;;;;;;
309;EI;;;F;1987;7;3;4;3;5;3;2;3;2;5;2;1;7;1;7;4;5;3;2;1;1;1;2;3;1;2;8;N;;;;;O;;;;;;;;;;;
310;EI;;;F;1988;7;2;4;5;7;2;7;2;1;4;1;7;4;3;1;6;5;2;2;4;2;3;3;2;1;4;8;N;;;;;;;O;;;;;;;;;
311;EI;;;F;1978;7;1;5;7;4;2;1;4;1;1;1;3;7;5;1;1;1;3;1;1;1;1;1;1;1;1;8;O;;;;;;;;;;;;;;;;
312;EI;;;M;1981;7;4;7;7;7;6;7;5;4;7;7;6;7;5;4;5;5;5;6;5;7;5;4;5;3;5;8;N;O;;;;;;;;;;;;;;;
313;EI;;;F;1988;7;4;3;7;2;3;4;4;2;6;1;1;5;2;2;2;4;5;3;3;3;2;2;4;5;6;8;N;;;;;;;;;;;;;;;;
314;EI;;;F;1990;7;6;4;2;5;3;5;5;4;7;1;4;7;3;2;3;3;2;4;5;4;6;5;4;1;3;8;N;;;;;O;;O;;;;;;;;;
315;EI;;;F;1988;7;7;7;4;4;3;7;5;3;6;3;3;7;2;4;2;3;3;6;5;3;4;4;4;2;4;8;N;;;;;;;O;;;;;;;;;
316;EI;;;F;1989;7;7;6;5;4;1;3;5;6;7;6;2;4;3;3;2;2;5;6;3;1;1;5;1;5;4;8;N;O;;;;;;;;;;;;;;;
317;EI;;;F;1989;7;6;1;3;1;1;1;4;7;7;1;1;7;7;6;5;5;4;5;5;1;6;5;1;1;7;8;;;;;;;;O;;;;;;;;;
318;EI;;;F;1991;5;5;3;4;3;2;6;4;2;4;2;3;5;3;7;3;3;4;4;5;2;3;2;2;2;3;8;N;;;;;;;O;;;;;;;;;
319;EI;;;F;1983;7;2;5;4;3;6;3;6;6;6;2;4;7;6;5;3;3;6;4;7;3;6;6;3;2;3;8;N;;;;;O;;;;;;;;;;;
320;EI;ERS 2;2011/2014;F;1972;7;5;6;6;6;4;6;7;1;6;5;4;7;7;6;5;6;7;7;6;4;7;7;6;5;6;1;N;;;;O;;;;;;;;;;;;
321;EI;;;H;1987;7;6;7;5;5;5;7;7;5;7;5;6;7;7;7;5;6;7;7;6;4;7;7;5;5;7;1;O;;;O;;;O;;;;;;;;;;
322;EI;;;H;1984;7;7;7;4;4;5;6;7;4;6;5;4;7;7;6;4;4;5;7;6;4;6;6;4;4;5;1;O;;;O;;;O;;;;;;;;;;
323;EI;;;H;1971;7;7;7;5;5;6;7;7;6;7;4;5;5;7;5;5;6;7;7;7;6;5;6;5;4;5;1;N;;;O;;;;;;;;;;;;;
324;EI;;;H;1967;7;6;6;5;7;5;7;6;4;7;1;6;5;6;7;5;6;5;7;6;5;6;5;6;4;6;1;O;O;;;O;;;;;;;;;;;;
325;EI;;;F;1990;7;6;6;4;2;5;7;7;6;5;5;2;4;6;5;4;4;6;7;7;5;6;7;3;6;5;2;N;;;O;O;;O;;;;;;;;;;
326;EI;;;F;1970;7;7;7;6;6;5;7;7;1;6;4;4;7;7;6;4;6;7;7;5;1;6;7;5;1;6;2;O;;;O;O;;O;;;;;;;;;;
327;EI;;;F;1992;7;7;6;5;5;6;7;7;7;7;7;6;6;6;6;6;6;6;7;6;7;7;7;6;6;6;2;N;;;;O;;O;;;;;;;;;;
328;EI;;;F;1990;7;6;6;4;5;7;7;7;6;7;5;4;7;7;6;6;6;7;7;6;4;7;6;6;7;6;2;N;;;O;O;;O;;;;;;;;;;
329;EI;;;F;1992;7;7;6;5;6;7;6;6;6;7;1;7;7;7;7;7;5;7;7;6;7;7;7;5;7;6;2;O;;;;O;;;;;;;;;;;;
330;EI;;;F;1988;7;7;6;5;5;6;6;7;5;7;7;6;7;7;6;5;6;7;7;6;7;7;7;7;6;7;2;N;;;;;O;;;;;;;;;;;
331;EI;;;F;1992;7;7;6;6;6;7;7;7;1;7;1;6;6;7;6;6;6;7;7;6;6;7;6;6;7;6;2;O;;;;O;;;;;;;;;;;;
332;EI;;;F;1984;6;6;6;4;4;5;5;5;3;4;3;4;6;5;5;4;4;5;5;4;5;5;5;5;4;5;2;N;;;;;;;;;;;;;;;;
333;EI;;;F;1988;7;7;6;5;5;5;7;7;6;7;6;6;5;5;6;5;4;5;6;4;3;6;7;4;3;4;2;N;;;;O;;;;;;;;;;;;
334;EI;;;F;1986;7;6;5;5;4;7;6;7;7;5;5;4;7;6;5;5;5;6;7;6;5;7;7;5;7;6;2;N;;;;O;;;;;;;;;;;;
335;EI;;;F;1992;6;6;5;4;5;5;6;6;5;5;4;4;6;5;6;5;5;6;5;6;4;5;4;4;5;5;2;N;O;;;O;;;;;;;;;;;;
336;EI;;;;;7;5;4;4;4;4;6;6;4;5;3;4;5;6;5;4;5;6;5;4;3;6;5;4;6;5;2;N;;;;O;;;;;;;;;;;;
337;EI;;;F;1983;7;5;7;5;4;5;5;7;4;5;3;4;5;5;5;4;4;4;7;4;4;7;7;4;7;4;3;N;;;;;O;;;;;;;;;;;
338;EI;;;F;1992;7;5;4;4;4;4;7;7;4;7;7;5;7;5;6;5;5;7;6;4;4;6;5;5;6;6;3;O;;O;;;;;;;;;;;;;;
339;EI;;;F;1991;5;6;5;4;4;4;4;4;4;5;4;4;6;4;6;5;4;4;5;4;4;4;5;6;4;6;3;O;;;;O;;;;;;;;;;;;
340;EI;;;F;1991;7;4;5;4;3;6;6;6;6;6;6;4;7;4;6;5;4;6;6;6;4;6;6;5;6;5;3;N;;;O;O;;;;;;;;;;;;
341;EI;;;F;1991;5;7;6;5;6;7;7;7;4;6;3;5;6;7;6;5;5;5;7;6;7;6;6;5;5;6;3;N;O;;;;;;;;;;;;;;;
342;EI;;;F;1992;7;6;6;4;4;4;4;7;4;7;5;4;6;5;6;5;5;5;7;5;3;6;7;5;4;7;3;N;;;;;;;;;;;;;;;;
343;EI;;;F;1991;7;7;6;5;6;7;7;7;4;7;4;6;7;7;7;5;4;6;7;4;2;6;6;5;4;4;3;N;;;;;;O;;;;;;;;;;
344;EI;;;F;1990;7;7;6;4;4;5;5;6;4;6;4;4;5;5;6;4;3;4;5;4;4;5;5;4;5;4;3;N;;;;;O;;;;;;;;;;;
345;EI;;;F;1992;7;6;7;6;4;5;7;6;5;6;3;4;5;5;6;5;5;5;6;5;5;5;4;4;3;4;3;N;;;;O;;;;;;;;;;;;
346;EI;;;F;1968;7;7;6;5;5;6;6;6;5;6;4;5;7;6;6;5;6;7;6;6;4;5;7;6;6;6;3;O;;;;O;;;;;;;;;;;;
347;EI;;;F;1992;7;7;7;4;6;5;7;6;4;7;6;6;7;7;7;6;6;4;6;4;5;6;5;5;5;5;3;O;;;;O;;;;;;;;;;;;
348;EI;;;F;1990;7;7;5;4;4;7;7;7;2;7;3;4;4;7;7;4;5;7;7;5;5;7;7;4;6;7;4;N;;;;O;O;;;;;;;;;;;
349;EI;;;F;1991;7;7;5;4;4;6;7;7;1;7;1;4;7;6;6;5;4;7;7;5;7;6;6;5;4;6;4;N;;;;;;;;;;;;;;;;
350;EI;;;F;1991;6;7;6;5;5;5;4;6;5;7;1;5;6;5;6;5;5;6;6;6;4;5;6;6;5;5;4;O;;;;;;;;;;;;;;;;
351;EI;;;F;1991;5;7;7;5;3;4;1;7;5;7;4;3;7;4;6;4;3;6;6;5;4;6;5;5;5;5;4;O;;;;O;;;;;;;;;;;;
352;EI;;;F;1991;7;7;5;4;4;4;7;6;5;6;3;4;7;5;6;4;4;5;7;3;1;5;5;4;4;5;4;O;;;;;;;;;;;;;;;;
353;EI;;;F;1976;7;7;2;7;5;7;7;7;7;5;7;3;7;4;7;4;3;7;7;4;7;7;7;5;4;7;4;N;;;;O;;;;;;;;;;;;
354;EI;;;F;1990;7;7;7;5;4;5;6;7;4;6;4;2;7;7;7;4;4;7;7;4;4;6;7;4;4;4;4;N;;;;;;;;;;;;;;;;
355;EI;;;F;1990;7;6;5;4;4;5;1;4;5;6;6;4;5;5;6;4;4;5;7;3;2;4;5;4;5;5;4;O;;;;;;;;;;;;;;;;
356;EI;;;F;1989;7;7;7;4;1;7;7;7;5;7;4;5;7;7;7;4;3;7;7;7;1;4;7;4;3;4;4;O;;;O;;;O;;;;;;;;;;
357;EI;;;F;1991;6;6;5;4;5;7;7;7;6;7;5;5;6;7;6;5;7;7;7;5;5;7;6;5;4;6;4;O;;;O;;;O;;;;;;;;;;
358;EI;;;F;1987;7;7;6;2;2;5;7;6;5;3;3;3;4;5;5;3;3;6;7;5;3;5;7;3;4;4;4;N;;;O;;;;;;;;;;;;;
359;EI;;;;;7;7;4;4;4;5;5;6;4;6;7;4;7;7;7;5;4;6;6;6;6;7;5;5;4;5;5;;;;;;;;;;;;;;;;;
360;EI;;;F;1989;7;6;6;4;5;5;2;6;6;6;4;6;7;6;6;5;5;6;7;6;2;6;7;5;7;6;5;N;;;;;;;;;;;;;;;;
361;EI;;;F;1988;4;4;4;4;3;6;5;5;6;5;5;4;4;5;5;4;4;5;5;5;3;6;5;4;5;4;5;O;O;O;;;;;;;;;;;;;;
362;EI;;;F;1992;7;7;5;4;4;7;7;7;7;7;7;4;5;4;5;4;4;7;7;5;2;4;5;5;6;5;5;N;O;;;;;;;;;;;;;;;
363;EI;;;F;1992;7;5;7;4;4;5;7;7;4;6;5;4;6;5;6;5;4;5;6;6;4;5;5;4;6;5;5;N;O;;;;;;;;;;;;;;;
364;EI;;;F;1992;7;5;6;6;4;7;6;6;6;7;1;4;5;6;5;4;4;7;7;6;2;7;7;5;2;6;5;N;;;;O;;;;;;;;;;;;
365;EI;;;F;1990;7;6;6;5;5;7;7;6;6;6;6;5;6;7;6;5;5;7;6;5;6;7;6;5;6;5;5;N;;;;O;;;;;;;;;;;;
366;EI;;;F;1990;6;5;6;4;4;7;6;6;7;7;6;4;6;6;7;6;6;7;7;6;7;6;6;6;6;6;5;N;;;;;O;;;;;;;;;;;
367;EI;;;F;1990;7;6;6;4;5;6;7;6;3;6;5;4;4;5;6;6;5;7;6;5;6;7;6;5;6;6;5;N;;;;;O;;;;;;;;;;;
368;EI;;;M;1968;7;7;6;5;5;5;7;7;6;7;4;6;7;7;7;6;7;7;7;6;6;7;7;7;5;7;5;N;;;;;O;;;;;;;;;;;
369;EI;;;F;1983;7;7;7;5;3;5;7;7;7;5;5;5;5;5;5;4;5;5;7;5;4;5;7;4;4;5;5;N;;;;;O;;;;;;;;;;;
370;EI;;;F;1990;6;5;6;5;7;6;5;6;5;6;5;7;6;6;5;5;5;6;6;5;5;6;6;6;5;6;6;N;;;;;O;;;;;;;;;;;
371;EI;;;F;1986;7;7;7;5;5;1;1;7;1;7;1;5;7;7;7;5;4;3;7;7;4;7;7;4;1;7;6;N;;;;;O;;;;;;;;;;;
372;EI;;;F;;5;4;5;4;5;4;4;5;4;5;4;5;4;6;4;5;4;5;4;5;4;5;5;4;4;4;6;N;;;;;O;;;;;;;;;;;
373;EI;;;F;1992;6;6;7;5;4;6;7;7;6;6;5;4;6;6;6;5;5;6;6;4;4;5;5;4;5;5;6;N;;;;;O;;;;;;;;;;;
374;EI;;;F;1990;6;5;5;5;7;6;6;6;5;6;4;6;6;6;6;6;5;5;5;6;5;4;6;5;4;5;6;N;;;;;O;;;;;;;;;;;
375;EI;;;F;1991;7;5;5;5;3;3;7;4;4;5;5;5;5;5;6;4;4;5;4;4;6;6;5;4;5;4;6;N;;;;;O;;;;;;;;;;;
376;EI;;;F;1990;7;6;7;6;3;6;7;7;6;6;4;1;5;7;4;2;4;7;7;4;4;7;7;4;1;6;6;N;;;;;O;;;;;;;;;;;
377;EI;;;F;1976;7;7;7;5;4;5;4;7;4;6;6;4;7;6;7;4;4;7;7;7;3;7;7;6;5;6;6;N;;;;;O;;;;;;;;;;;
378;EI;;;F;1991;7;7;7;4;4;6;7;7;7;7;1;4;7;7;6;4;4;7;7;7;1;7;7;4;1;7;6;N;;;;;O;;;;;;;;;;;
379;EI;;;F;1989;7;7;6;5;4;6;6;6;4;5;3;3;3;5;6;3;4;6;6;5;4;5;5;3;2;5;6;N;;;;;O;;;;;;;;;;;
380;EI;BRU 3;2010/2013;F;1990;5;5;4;4;4;7;6;7;6;6;6;6;5;6;6;5;5;6;6;3;4;6;6;5;6;6;1;N;;;;;O;;;;;;;;;;;
381;EI;;;F;1989;7;1;1;4;1;4;1;7;1;4;5;1;1;4;4;4;4;7;7;4;1;4;4;4;4;4;1;N;;;;;O;;;;;;;;;;;
382;EI;;;F;1991;7;6;4;5;3;7;5;6;7;6;6;3;5;5;5;4;5;6;6;4;5;5;6;4;6;5;1;N;;;;;O;;;;;;;;;;;
383;EI;;;F;1990;7;6;7;6;6;6;7;7;7;6;6;5;4;6;6;5;5;7;7;5;6;7;7;5;7;6;2;N;O;;O;;;;;;;;;;;;;
384;EI;;;F;1991;7;6;6;6;5;6;7;6;6;6;6;6;7;6;6;6;6;7;6;6;6;7;6;5;7;6;2;N;O;;;;;;;;;;;;;;;
385;EI;;;F;1991;5;7;3;4;4;5;7;5;5;5;3;3;1;4;7;5;3;5;4;5;1;6;6;3;7;4;2;O;O;;;O;;;;;;;;;;;;
386;EI;;;F;1989;7;7;6;5;4;6;7;7;6;6;1;4;6;5;7;5;5;4;6;4;3;4;5;4;5;5;2;O;O;;;O;;;;;;;;;;;;
387;EI;;;F;1989;6;4;4;4;4;4;6;5;5;5;3;4;6;5;5;4;5;4;5;5;5;5;6;5;5;4;2;O;;;;O;;;;;;;;;;;;
388;EI;;;F;1990;7;6;6;5;3;5;7;7;6;4;4;3;7;4;5;5;4;7;6;4;3;4;7;1;4;7;2;O;;;O;O;;;;;;;;;;;;
389;EI;;;F;1990;7;6;5;4;2;2;6;6;2;6;2;2;6;7;5;2;5;7;7;4;6;7;6;2;4;7;2;O;;O;;;;;;;;;;;;;;
390;EI;;;M;1969;5;7;7;6;4;7;7;7;7;7;1;4;7;7;7;1;4;6;7;7;1;7;7;4;7;7;2;O;;;;;;;;;;;;;;;;
391;EI;;;F;1990;2;7;4;7;5;7;2;7;2;7;1;5;2;7;5;5;5;7;7;4;2;7;5;2;1;7;3;N;;;;O;;;;;;;;;;;;
392;EI;;;F;1990;6;5;3;5;5;6;6;6;3;5;3;2;5;5;5;2;2;4;6;4;3;5;4;2;4;4;3;N;;;;O;;;;;;;;;;;;
393;EI;;;F;1990;6;3;3;5;4;6;7;4;6;6;2;4;6;3;6;5;5;7;7;5;5;5;4;5;2;3;3;N;;;;;O;;;;;;;;;;;
394;EI;;;F;1985;7;6;7;4;5;6;3;7;3;6;5;4;7;6;7;5;6;6;5;5;4;5;6;5;4;5;3;N;;;;O;;;;;;;;;;;;
395;EI;;;F;1991;7;5;5;4;3;4;6;5;5;5;3;2;5;4;5;4;3;5;5;5;5;4;5;4;5;6;3;O;;O;;;;;;;;;;;;;;
396;EI;;;F;1989;7;6;6;4;4;2;7;6;4;6;4;5;7;5;7;6;5;5;5;4;1;4;4;5;5;4;3;O;;;;O;;;;;;;;;;;;
397;EI;;;F;1990;7;5;5;4;4;6;6;7;5;6;5;4;6;6;4;4;4;6;7;5;4;6;6;4;5;4;3;O;;;;O;;;;;;;;;;;;
398;EI;;;F;1988;6;7;7;5;5;7;7;7;7;6;6;5;7;6;6;5;5;5;5;6;4;5;5;5;7;6;4;O;O;;;O;;;;;;;;;;;;
399;EI;;;F;1990;6;6;6;5;5;6;6;6;6;6;4;5;5;5;6;5;5;5;5;5;5;6;6;5;4;5;4;O;O;;;O;;;;;;;;;;;;
400;EI;;;F;1989;7;7;6;5;5;4;7;7;4;6;2;5;7;7;6;5;4;7;7;6;5;7;6;5;5;4;4;O;O;;;O;;;;;;;;;;;;
401;EI;;;M;1974;6;7;3;5;3;3;7;7;4;7;4;3;7;7;7;5;5;7;7;4;1;7;7;4;7;5;4;O;;;;;;;;;;;;;;;;
402;EI;;;F;1971;7;7;6;5;7;7;4;7;4;7;4;1;4;6;7;7;7;7;7;7;1;5;7;5;7;7;4;;;;;;;;;;;;;;;;;
403;EI;;;F;1981;7;6;6;3;3;3;7;6;1;6;4;1;4;6;5;3;3;7;6;6;1;7;6;1;3;4;4;N;;;;;O;;;;;;;;;;;
404;EI;;;F;1987;5;6;6;6;5;4;7;6;4;6;4;4;7;4;6;5;5;7;1;1;7;6;7;4;7;6;4;N;;;;;O;;;;;;;;;;;
405;EI;;;F;1990;7;2;4;4;5;2;5;5;2;7;4;1;4;4;6;5;3;3;3;2;2;4;4;2;2;4;4;N;;;;;O;;;;;;;;;;;
406;EI;;;F;1990;7;7;6;6;5;7;6;7;5;6;5;5;7;5;5;5;6;7;6;5;3;5;5;5;3;5;5;O;;;;;;;;;;;;;;;;
407;EI;;;F;1991;7;7;6;5;5;6;6;7;4;7;6;4;7;6;7;5;6;7;7;5;5;6;7;5;5;6;5;O;;;;;;;;;;;;;;;;
408;EI;;;M;1989;7;7;7;5;6;7;7;7;7;7;1;5;7;7;7;6;6;6;7;4;4;7;7;6;1;7;5;O;;;;;O;;;;;;;;;;;
409;EI;;;M;1972;2;6;6;4;2;1;1;2;1;6;1;1;6;4;7;2;3;6;2;1;7;5;6;1;6;7;5;N;;;;;;;;;;;;;;;;
410;EI;;;F;1986;7;6;5;5;7;7;7;7;5;7;5;5;7;7;7;5;5;7;7;6;2;7;7;5;1;6;5;O;;;;O;;;;;;;;;;;;
411;EI;;;F;1989;6;7;5;4;3;5;7;6;5;7;5;5;4;4;5;5;5;6;6;5;1;5;4;4;5;5;5;O;;;;O;;;;;;;;;;;;
412;EI;;;F;1989;7;7;5;4;4;6;7;6;4;6;1;4;6;5;6;4;4;4;4;5;2;5;5;4;2;6;5;O;;;;;;;;;;;;;;;;
413;EI;;;F;1985;7;7;7;5;4;3;7;7;1;7;1;4;7;7;6;5;7;7;7;7;7;7;7;7;1;7;5;O;O;O;;O;;;;;;;;;;;;
414;EI;;;F;1989;7;7;6;4;4;4;7;6;4;7;1;4;7;7;7;5;5;4;7;4;1;7;7;4;4;5;6;O;;;;;;;;;;;;;;;;
415;EI;;;M;1988;7;6;7;5;6;3;6;7;5;7;7;7;7;3;7;3;4;3;3;6;7;3;2;3;1;7;6;O;;;;;;;;;;;;;;;;
416;EI;;;F;1988;5;3;4;4;4;2;7;5;2;5;2;4;5;4;4;3;3;5;3;2;2;5;4;4;2;3;6;O;;;;O;;;;;;;;;;;;
417;EI;;;F;1990;7;7;2;5;1;1;7;4;2;6;1;1;7;5;7;4;3;7;4;1;7;5;4;1;3;4;6;O;;O;;;;;;;;;;;;;;
418;EI;;;F;1990;7;7;6;6;4;4;6;6;1;6;1;4;7;6;7;6;4;4;6;6;7;4;6;6;4;6;6;O;O;O;;;;;;;;;;;;;;
419;EI;;;M;1979;7;4;5;5;6;3;4;6;5;7;3;5;7;3;7;4;4;6;4;4;5;3;4;5;2;4;6;O;;O;;;;;;;;;;;;;;
420;EI;;;F;1989;6;6;4;4;5;4;7;5;4;7;5;6;6;5;7;5;5;5;5;1;2;6;4;4;1;6;6;O;;O;;;;;;;;;;;;;;
421;EI;;;M;1989;5;3;5;4;4;4;5;3;5;4;4;3;4;4;4;4;5;3;5;5;3;5;5;4;4;4;6;O;O;;;;;;;;;;;;;;;
422;EI;;;F;1989;7;6;6;3;3;6;5;6;6;5;2;3;6;6;6;4;4;6;6;4;3;6;5;4;5;6;7;O;;;;;;;O;;;;;;;;;
423;EI;;;F;1991;7;7;2;4;3;3;7;6;4;6;6;5;4;3;5;5;5;6;7;4;2;5;7;5;3;6;7;O;;;;;;;O;;;;;;;;;
424;EI;;;F;1989;5;5;5;4;4;5;7;6;5;5;2;3;5;4;4;4;4;5;6;2;2;5;5;2;5;5;7;O;;;;;O;;;;;;;;;;;
425;EI;;;F;1990;6;6;6;4;4;6;7;7;6;6;2;3;6;5;6;5;4;6;6;4;1;3;6;2;5;6;7;O;;;;;O;;;;;;;;;;;
426;EI;;;F;1991;6;6;6;5;4;5;7;6;5;7;5;5;5;5;5;5;6;5;6;5;4;6;6;4;4;5;7;O;;;;;O;;;;;;;;;;;
427;EI;;;F;1991;7;7;7;5;6;7;7;7;7;7;7;5;7;7;7;7;7;1;7;7;7;7;7;5;5;7;7;O;;;;;;;O;;;;;;;;;
428;EI;;;;;6;7;7;4;4;4;7;5;3;6;1;1;4;6;5;2;3;2;5;3;1;6;5;4;2;5;7;O;;;;;;;O;;;;;;;;;
429;EI;;;F;1990;5;6;2;4;2;2;6;5;4;5;2;2;6;6;5;2;4;5;6;4;5;6;4;3;2;4;7;O;;;;;;;;;;;;;;;;
430;EI;;;F;1990;7;4;6;3;4;4;5;6;2;7;1;3;6;4;6;5;5;5;5;4;4;6;6;4;4;4;8;O;;O;;;;;;;;;;;;;;
431;EI;;;F;1991;7;5;6;4;4;7;7;5;7;5;2;4;4;5;4;3;4;4;4;3;1;4;4;4;2;4;8;O;;O;;;;;;;;;;;;;;
432;EI;;;F;1990;7;5;5;5;4;7;7;7;7;7;7;2;6;6;5;4;4;7;7;7;3;6;7;3;5;4;8;O;;O;;;;;;;;;;;;;;
433;EI;SAV 2;2011/2014;F;1971;7;7;7;4;4;7;6;7;1;5;4;4;7;7;6;5;5;7;7;4;4;7;7;4;5;5;1;O;;;;O;;;;;;;;;;;;
434;EI;;;F;1975;7;6;6;5;5;6;7;7;1;6;1;5;7;7;6;5;5;7;7;6;6;7;7;6;1;5;1;O;;;;O;;;;;;;;;;;;
435;EI;;;F;1990;7;5;6;7;4;6;4;6;6;5;1;3;3;4;1;4;4;5;1;1;1;4;6;5;5;4;1;O;O;;;;;;;;;;;;;;;
436;EI;;;F;1983;6;6;4;4;3;4;6;6;2;6;2;4;5;6;7;5;5;6;6;5;5;6;6;4;2;4;1;O;;O;;O;;;;;;;;;;;;
437;EI;;;F;1982;7;6;5;5;4;6;7;7;2;6;3;5;7;7;6;5;5;7;1;6;2;7;7;5;5;6;1;O;;;;;O;;;;;;;;;;;
438;EI;;;F;1991;7;4;5;4;4;5;7;7;5;5;3;3;7;5;4;4;4;5;6;4;3;5;5;4;3;4;1;O;;O;;;;;;;;;;;;;;
439;EI;;;F;1989;6;6;6;5;5;6;6;6;5;6;6;4;5;6;6;6;6;6;6;5;5;6;6;6;6;6;1;O;;O;;;;;;;;;;;;;;
440;EI;;;F;1990;6;6;6;5;5;3;6;7;4;7;5;5;7;7;6;5;6;7;7;6;4;6;6;5;6;5;1;O;;O;;;;;;;;;;;;;;
441;EI;;;F;1981;6;6;6;5;6;6;6;6;5;6;7;6;6;5;6;6;5;6;7;4;5;5;6;6;5;6;1;O;;O;;;;;;;;;;;;;;
442;EI;;;F;1991;7;5;5;4;6;5;2;4;1;5;3;1;7;5;4;3;3;7;5;5;4;5;6;5;5;5;1;O;O;O;;O;;;;;;;;;;;;
443;EI;;;F;1992;7;6;5;4;2;6;7;7;7;6;4;2;4;4;5;2;4;5;7;4;2;6;4;2;5;3;1;O;O;O;;O;;;;;;;;;;;;
444;EI;;;F;1964;7;5;6;6;5;7;6;7;6;7;7;5;7;7;6;6;6;7;7;5;6;7;7;6;6;6;2;O;O;;;O;;O;;;;;;;;;;
445;EI;;;F;1991;6;7;5;7;4;5;7;7;6;6;5;4;7;7;5;5;6;7;7;5;5;7;5;5;5;6;2;O;;;;O;;;;;;;;;;;;
446;EI;;;F;1964;6;7;5;7;6;6;7;7;4;5;7;5;7;7;5;5;7;6;7;7;1;5;7;7;7;7;2;O;O;;;O;;;;;;;;;;;;
447;EI;;;F;1991;7;5;6;7;2;2;7;6;1;6;1;2;7;3;4;2;2;4;4;5;1;2;4;2;2;2;2;O;O;;;O;;;;;;;;;;;;
448;EI;;;F;1970;7;5;4;5;5;5;7;7;3;7;1;3;5;7;5;6;5;3;7;5;7;7;7;4;6;6;2;O;;;;O;;;;;;;;;;;;
449;EI;;;F;1984;7;5;5;5;5;7;5;6;7;5;7;6;7;6;6;5;6;6;6;7;4;6;6;4;5;5;2;O;;O;;;;;;;;;;;;;;
450;EI;;;F;1987;7;6;7;4;5;6;7;7;7;7;4;5;5;4;5;5;4;5;7;5;7;4;7;4;6;6;2;O;O;;;O;;;;;;;;;;;;
451;EI;;;F;1977;7;5;6;5;5;7;7;7;5;6;6;5;7;7;5;5;6;6;7;6;7;7;7;5;6;6;2;O;;;O;O;;;;;;;;;;;;
452;EI;;;F;1981;7;7;7;5;5;6;7;7;5;6;5;5;7;6;5;5;5;7;7;6;5;7;6;6;5;6;2;O;;;O;O;;;;;;;;;;;;
453;EI;;;F;1992;7;5;6;4;5;4;6;5;2;6;2;3;4;6;6;4;5;5;5;6;2;6;5;5;6;5;3;O;;O;;;;;;;;;;;;;;
454;EI;;;F;1992;7;6;5;5;6;5;5;7;2;5;2;4;6;7;5;5;6;7;7;5;3;7;6;4;4;6;3;O;;;;;O;;;;;;;;;;;
455;EI;;;F;1992;7;6;4;5;5;5;7;7;6;7;2;5;7;7;6;6;6;7;7;5;4;7;7;6;3;6;3;O;;;;O;;;;;;;;;;;;
456;EI;;;F;1991;7;5;5;6;3;4;5;5;3;6;3;4;5;6;6;4;5;5;6;4;2;7;6;5;6;4;3;O;O;;;;;O;;;;;;;;;;
457;EI;;;F;1992;7;5;5;6;3;7;7;7;6;6;4;3;4;5;6;5;4;7;7;4;2;6;6;4;7;5;3;O;O;;;O;;;;;;;;;;;;
458;EI;;;F;1991;7;7;7;4;5;3;7;7;5;7;6;5;7;7;7;6;6;7;7;6;6;7;6;6;5;6;3;O;;;;O;;;;;;;;;;;;
459;EI;;;F;1981;7;6;4;5;2;6;7;7;6;6;7;4;6;5;6;6;6;7;7;6;2;5;6;5;6;6;3;O;;;;O;;O;;;;;;;;;;
460;EI;;;F;1991;6;5;7;4;4;7;7;7;6;6;2;2;6;6;6;6;6;7;7;6;2;6;6;5;7;6;3;O;;;;O;;;;;;;;;;;;
461;EI;;;F;1986;7;7;7;5;7;7;7;7;7;7;7;6;7;6;7;6;7;7;7;6;4;5;7;6;7;6;3;O;;;;O;;;;;;;;;;;;
462;EI;;;F;1990;7;7;7;4;4;1;7;7;1;6;1;2;3;7;7;4;4;4;7;3;1;7;7;1;4;6;3;O;O;;;;;;;;;;;;;;;
463;EI;;;F;1991;7;5;5;4;3;6;7;7;1;6;1;1;3;6;6;4;4;6;7;5;1;6;4;5;6;5;3;O;O;;;;;;;;;;;;;;;
464;EI;;;F;1992;7;7;7;3;3;2;4;4;1;6;1;2;5;7;6;4;4;4;7;5;6;7;7;5;5;6;4;O;;;;;;;;;;;;;;;;
465;EI;;;F;1991;7;4;6;4;2;1;1;4;2;7;4;1;7;4;4;3;4;4;5;4;1;3;5;4;1;5;4;O;;;;;;;;;;;;;;;;
466;EI;;;M;1975;6;7;6;6;3;1;7;7;1;7;1;1;7;7;7;5;5;7;7;7;7;7;7;1;6;6;4;O;;O;;;;;;;;;;;;;;
467;EI;;;M;1990;7;5;5;5;6;1;3;4;1;7;1;6;7;5;5;5;6;2;5;4;3;6;2;6;2;5;4;N;;;;;;;;;;;;;;;;
468;EI;;;M;1987;7;7;7;4;3;1;7;7;1;7;1;4;7;7;4;4;4;1;7;7;7;7;6;4;1;7;4;O;;O;;;O;;;;;;;;;;;
469;EI;;;F;1986;7;5;6;4;4;4;5;5;4;6;4;2;5;7;6;5;5;4;7;3;2;7;6;5;5;6;4;O;;O;;;O;;;;;;;;;;;
470;EI;;;F;1991;6;7;7;5;4;5;7;7;5;7;5;4;7;7;7;6;6;6;7;7;5;7;7;5;5;6;4;O;;O;;O;O;;;;;;;;;;;
471;EI;;;F;1992;6;5;5;5;4;4;3;3;4;6;4;4;4;5;6;5;5;4;4;2;3;5;5;5;5;6;5;O;;;;;;;;;;;;;;;;
472;EI;;;F;1990;6;5;6;5;4;4;7;7;4;7;5;3;4;7;5;5;5;7;6;4;2;7;6;5;5;4;5;O;O;;;;;;;;;;;;;;;
473;EI;;;F;1991;7;7;5;6;6;7;5;7;7;7;4;6;7;7;6;6;6;7;7;6;5;6;7;6;5;6;5;O;O;;;;;;;;;;;;;;;
474;EI;;;M;1991;6;6;5;4;6;1;7;5;3;6;7;7;6;3;6;4;4;3;4;4;6;4;5;4;2;5;5;O;;;;;;;;;;;;;;;;
475;EI;;;F;1989;7;4;4;3;4;4;7;7;3;4;2;5;5;5;5;2;2;6;6;6;7;5;5;5;5;5;5;O;;;;;;;;;;;;;;;;
476;EI;;;F;1989;7;4;5;3;3;6;4;7;6;6;6;2;4;4;5;4;4;7;7;4;4;4;5;4;7;4;5;O;;;;;;;;;;;;;;;;
477;EI;;;F;1987;7;6;6;5;2;6;6;6;4;6;3;4;5;6;5;5;5;7;7;6;1;7;6;4;7;7;5;O;;;;;O;;;;;;;;;;;
478;MAIEU;MAIEU;2010/2014;F;1990;7;6;7;5;6;7;7;7;6;7;4;5;7;7;5;4;5;7;6;6;7;7;7;5;6;6;1;O;NA;NA;NA;NA;NA;O;NA;NA;11.83;NA;NA;NA;NA;NA;NA;NA
479;MAIEU;MAIEU;2010/2014;F;1990;7;6;6;4;4;7;7;7;6;6;1;4;7;5;7;5;5;5;7;4;4;5;6;2;2;6;1;O;NA;NA;NA;O;NA;NA;NA;NA;13.54;NA;NA;NA;NA;NA;NA;NA
480;MAIEU;MAIEU;2010/2014;F;1972;7;6;6;7;5;2;3;7;1;7;1;5;7;4;6;6;5;7;7;6;1;4;7;7;2;7;2;O;NA;O;NA;NA;NA;NA;NA;NA;6.88;NA;NA;NA;NA;NA;NA;NA
481;MAIEU;MAIEU;2010/2014;F;1990;7;6;6;5;4;5;6;6;3;6;3;2;7;4;5;4;4;5;6;3;2;3;4;4;6;6;2;O;O;NA;NA;NA;NA;NA;NA;NA;9.25;NA;NA;NA;NA;NA;NA;NA
482;MAIEU;MAIEU;2010/2014;F;1989;7;4;6;1;4;4;7;7;7;6;4;1;3;3;4;1;3;3;5;6;2;2;4;2;1;6;2;O;O;NA;NA;NA;NA;NA;NA;NA;9.33;NA;NA;NA;NA;NA;NA;NA
483;MAIEU;MAIEU;2010/2014;F;1990;6;5;4;3;3;4;6;5;3;5;2;3;5;4;5;3;3;5;5;4;3;3;4;3;2;5;2;O;NA;NA;NA;NA;NA;NA;NA;NA;6;NA;NA;NA;NA;NA;NA;NA
484;MAIEU;MAIEU;2010/2014;F;1990;7;4;4;2;4;4;5;6;6;5;5;2;5;4;4;2;2;4;6;5;3;3;7;3;5;4;3;O;O;NA;NA;NA;NA;O;NA;NA;12.83;NA;NA;NA;NA;NA;NA;NA
485;MAIEU;MAIEU;2010/2014;F;1990;7;5;4;5;3;3;6;3;7;3;1;2;7;3;5;3;3;4;5;7;4;3;6;3;5;5;3;O;O;NA;NA;NA;NA;NA;NA;NA;8.5;NA;NA;NA;NA;NA;NA;NA
486;MAIEU;MAIEU;2010/2014;F;1991;5;6;3;3;4;6;4;5;5;4;3;4;3;3;5;2;4;5;6;4;6;4;6;5;2;5;3;O;O;O;NA;NA;NA;NA;NA;NA;11.25;NA;NA;NA;NA;NA;NA;NA
487;MAIEU;MAIEU;2010/2014;F;1990;6;6;5;4;4;4;7;4;3;5;1;4;6;4;5;4;4;4;5;4;4;3;3;4;3;5;3;O;NA;O;NA;NA;NA;NA;NA;NA;7.25;NA;NA;NA;NA;NA;NA;NA
488;MAIEU;MAIEU;2010/2014;F;1990;7;7;6;5;5;4;5;5;5;6;5;5;7;5;7;4;5;4;4;4;5;4;5;5;4;6;3;O;O;NA;NA;NA;NA;NA;NA;NA;6.08;NA;NA;NA;NA;NA;NA;NA
489;MAIEU;MAIEU;2010/2014;F;1990;7;6;6;5;4;5;5;6;5;6;4;5;7;6;6;5;5;6;6;5;6;6;6;5;6;6;3;O;O;NA;NA;NA;NA;NA;NA;NA;9;NA;NA;NA;NA;NA;NA;NA
490;MAIEU;MAIEU;2010/2014;M;1990;6;5;4;4;6;4;7;5;6;6;4;6;6;4;6;5;5;5;6;5;5;5;5;5;3;5;4;O;NA;NA;NA;NA;NA;NA;NA;NA;4.42;NA;NA;NA;NA;NA;NA;NA
491;MAIEU;MAIEU;2010/2014;M;1990;7;7;5;6;7;5;7;6;7;7;7;7;5;5;6;7;6;4;5;6;6;5;5;7;7;6;4;O;O;NA;NA;NA;NA;NA;NA;NA;9.88;NA;NA;NA;NA;NA;NA;NA
492;MAIEU;MAIEU;2010/2014;M;1989;7;6;6;5;7;5;5;5;5;7;7;7;7;5;7;5;5;6;6;6;7;5;5;7;6;5;4;O;O;NA;NA;NA;NA;NA;NA;NA;9.33;NA;NA;NA;NA;NA;NA;NA
493;MAIEU;MAIEU;2010/2014;F;1991;7;7;5;4;2;1;7;5;4;6;3;2;5;2;6;2;4;3;4;3;4;2;2;3;1;4;4;O;NA;O;NA;NA;NA;NA;NA;NA;9.5;NA;NA;NA;NA;NA;NA;NA
494;MAIEU;MAIEU;2010/2014;F;1990;7;7;7;4;1;3;7;5;7;7;4;1;5;3;6;2;3;4;6;7;5;4;5;4;7;5;4;O;NA;O;NA;NA;NA;NA;NA;NA;6.67;NA;NA;NA;NA;NA;NA;NA
495;MAIEU;MAIEU;2010/2014;F;1990;7;6;4;1;3;7;1;3;7;6;6;1;7;4;6;3;3;6;6;7;1;1;3;4;4;5;4;O;NA;O;NA;NA;NA;NA;NA;NA;9.08;NA;NA;NA;NA;NA;NA;NA
496;MAIEU;MAIEU;2010/2014;F;1990;7;3;2;1;2;3;5;5;4;3;3;2;5;2;7;5;2;6;5;4;5;4;5;4;1;3;5;NA;O;O;NA;NA;NA;NA;NA;NA;5.92;NA;NA;NA;NA;NA;NA;NA
497;MAIEU;MAIEU;2010/2014;F;1991;7;5;5;4;5;4;6;6;5;7;7;4;6;5;5;4;4;6;7;4;4;4;4;4;6;5;5;O;NA;O;NA;O;NA;NA;NA;NA;11.75;NA;NA;NA;NA;NA;NA;NA
498;MAIEU;MAIEU;2010/2014;F;1990;7;7;4;4;3;4;7;6;6;7;1;2;7;4;7;5;4;7;7;6;4;4;6;6;3;5;5;O;NA;O;NA;NA;NA;NA;O;NA;8.42;NA;NA;NA;NA;NA;NA;NA
499;MAIEU;MAIEU;2010/2014;F;1990;7;5;5;4;7;7;1;4;7;7;1;4;7;4;5;4;4;4;4;7;1;4;5;4;3;4;5;O;NA;O;NA;NA;NA;NA;O;NA;NA;NA;NA;NA;NA;NA;NA;NA
500;MAIEU;MAIEU;2010/2014;F;1990;7;6;6;4;5;5;7;7;5;7;5;5;7;7;7;5;5;7;7;5;3;6;6;4;4;5;5;O;O;NA;NA;NA;NA;NA;NA;NA;6.29;NA;NA;NA;NA;NA;NA;NA
501;MAIEU;MAIEU;2010/2014;F;1990;7;6;6;5;6;6;7;6;6;6;4;4;5;6;6;4;4;3;5;6;3;5;5;4;3;4;5;O;NA;O;NA;NA;NA;NA;O;NA;6.79;NA;NA;NA;NA;NA;NA;NA
502;AUX PUER;AUX PUER;2013;F;1987;6;7;6;5;6;5;6;6;5;6;6;6;6;5;6;5;5;6;6;6;6;5;5;6;5;6;1;O;NA;NA;O;NA;NA;NA;NA;NA;15;NA;NA;NA;NA;NA;NA;NA
503;AUX PUER;AUX PUER;2013;F;1994;7;6;5;4;4;5;6;5;4;7;6;4;4;5;7;5;5;6;6;3;5;5;5;5;7;6;1;N;NA;NA;NA;NA;NA;O;NA;NA;15.75;NA;NA;NA;NA;NA;NA;NA
504;AUX PUER;AUX PUER;2013;F;1981;6;6;6;6;6;6;6;6;6;6;5;5;5;7;6;6;6;6;7;7;5;7;7;6;6;6;1;O;NA;NA;O;NA;NA;NA;NA;NA;13.25;NA;NA;NA;NA;NA;NA;NA
505;AUX PUER;AUX PUER;2013;F;1980;7;7;5;5;4;6;7;7;4;7;4;4;6;7;7;6;6;6;7;5;4;6;7;6;3;7;2;N;O;NA;O;O;NA;NA;NA;NA;15;NA;NA;NA;NA;NA;NA;NA
506;AUX PUER;AUX PUER;2013;F;1979;7;7;4;4;4;7;7;7;7;4;1;4;7;7;7;4;4;7;7;7;7;7;7;5;6;7;2;N;NA;NA;O;NA;NA;NA;NA;NA;15;NA;NA;NA;NA;NA;NA;NA
507;AUX PUER;AUX PUER;2013;F;1988;7;5;6;7;5;7;4;6;4;7;7;5;6;4;5;4;5;5;6;4;4;6;6;5;2;6;2;N;O;NA;NA;NA;NA;O;NA;NA;15.25;NA;NA;NA;NA;NA;NA;NA
508;AUX PUER;AUX PUER;2013;F;1986;7;7;6;5;4;7;7;7;7;6;4;4;7;4;6;4;5;7;5;4;5;4;4;4;5;6;3;O;NA;NA;NA;O;NA;O;NA;NA;11.75;NA;NA;NA;NA;NA;NA;NA
509;AUX PUER;AUX PUER;2013;F;1981;7;7;5;4;6;3;6;6;4;7;1;7;7;3;7;4;4;4;7;1;1;1;4;4;1;7;3;O;NA;NA;NA;NA;NA;NA;NA;NA;11.75;NA;NA;NA;NA;NA;NA;NA
510;AUX PUER;AUX PUER;2013;F;1978;7;7;6;7;7;1;7;4;1;7;1;7;7;4;7;7;7;4;4;7;7;4;7;7;4;7;3;N;NA;NA;NA;O;NA;NA;NA;NA;13.25;NA;NA;NA;NA;NA;NA;NA
511;AUX PUER;AUX PUER;2013;F;1976;7;6;7;4;7;1;7;4;1;7;1;4;4;4;7;3;3;7;4;4;4;1;7;4;1;7;3;O;NA;NA;NA;NA;NA;NA;NA;NA;12;NA;NA;NA;NA;NA;NA;NA
512;AUX PUER;AUX PUER;2013;F;1971;7;6;5;4;2;5;5;6;7;5;5;3;5;5;5;4;4;5;4;5;6;4;5;3;3;4;3;O;NA;NA;NA;NA;O;O;NA;NA;8.5;NA;NA;NA;NA;NA;NA;NA
513;AUX PUER;AUX PUER;2013;F;1990;5;6;4;4;6;6;7;7;5;6;2;6;5;5;5;4;4;6;6;5;5;5;6;4;3;4;3;N;NA;NA;NA;O;NA;NA;NA;NA;15.25;NA;NA;NA;NA;NA;NA;NA
514;AUX PUER;AUX PUER;2013;F;1979;6;6;4;4;5;5;4;7;5;7;7;4;6;3;4;4;5;6;6;4;1;2;3;4;4;5;4;N;O;NA;NA;NA;O;NA;NA;NA;12.75;NA;NA;NA;NA;NA;NA;NA
515;AUX PUER;AUX PUER;2013;F;1968;6;6;6;4;6;5;5;6;6;6;2;5;7;6;6;4;4;6;6;5;3;5;6;5;2;4;4;N;NA;NA;NA;NA;O;NA;NA;NA;15;NA;NA;NA;NA;NA;NA;NA
516;AUX PUER;AUX PUER;2013;F;1983;7;5;5;4;4;4;6;6;7;6;4;4;5;4;6;5;5;5;7;4;3;3;5;6;3;5;4;N;NA;NA;NA;NA;NA;NA;NA;NA;16;NA;NA;NA;NA;NA;NA;NA
517;AUX PUER;AUX PUER;2013;F;1977;7;5;5;4;5;1;2;5;3;6;1;3;4;6;7;5;5;7;7;5;1;4;5;6;4;4;4;N;O;NA;NA;O;NA;NA;NA;NA;14.25;NA;NA;NA;NA;NA;NA;NA
518;AUX PUER;AUX PUER;2013;F;1984;7;7;5;5;5;3;6;7;3;6;3;5;7;6;7;6;5;7;6;3;3;6;6;5;3;6;4;O;NA;NA;NA;O;NA;NA;NA;NA;14;NA;NA;NA;NA;NA;NA;NA
519;AUX PUER;AUX PUER;2013;F;1992;7;7;7;5;5;5;7;7;7;7;4;4;7;6;7;5;5;6;7;6;4;5;7;5;7;5;5;N;NA;NA;NA;NA;O;NA;NA;NA;14.75;NA;NA;NA;NA;NA;NA;NA
520;AUX PUER;AUX PUER;2013;F;1990;7;7;7;5;5;6;7;5;5;6;5;5;7;7;5;5;5;6;7;5;5;7;7;5;5;6;5;N;NA;NA;NA;NA;O;NA;NA;NA;16.5;NA;NA;NA;NA;NA;NA;NA
521;AUX PUER;AUX PUER;2013;F;1992;7;7;6;5;5;6;6;7;4;6;6;5;7;7;6;5;5;7;7;5;5;5;7;6;5;6;5;N;NA;NA;NA;NA;NA;NA;NA;NA;14.5;NA;NA;NA;NA;NA;NA;NA
522;AUX PUER;AUX PUER;2013;F;1990;6;7;6;5;6;5;7;5;6;6;5;6;6;6;6;6;6;5;6;4;7;5;6;6;7;6;6;O;O;NA;NA;NA;NA;NA;NA;NA;12.75;NA;NA;NA;NA;NA;NA;NA
523;AUX PUER;AUX PUER;2013;F;1981;7;7;7;7;7;4;7;7;7;7;7;7;7;5;7;5;5;7;7;7;5;7;7;5;7;6;7;N;O;NA;NA;NA;NA;NA;NA;NA;14.75;NA;NA;NA;NA;NA;NA;NA
524;AUX PUER;AUX PUER;2013;F;1980;7;5;6;6;6;4;7;6;5;7;6;5;7;5;7;6;6;7;7;7;6;6;7;6;6;7;7;N;NA;NA;NA;NA;O;NA;NA;NA;16;NA;NA;NA;NA;NA;NA;NA
525;AUX PUER;AUX PUER;2013;F;1982;7;6;6;5;7;5;4;4;4;7;3;7;7;5;7;6;7;7;7;6;5;4;7;7;6;6;7;N;NA;NA;NA;NA;O;NA;NA;NA;13.25;NA;NA;NA;NA;NA;NA;NA
526;AUX PUER;AUX PUER;2013;F;1975;7;7;6;7;7;6;1;7;4;7;2;7;7;5;7;7;7;7;7;7;6;4;6;7;7;7;7;N;NA;NA;NA;NA;O;NA;NA;NA;11.5;NA;NA;NA;NA;NA;NA;NA
527;AUX PUER;AUX PUER;2013;F;1993;7;7;5;4;4;5;7;7;7;6;7;4;6;5;6;5;5;6;6;5;2;5;5;5;6;5;7;O;NA;NA;NA;O;NA;NA;NA;NA;12.75;NA;NA;NA;NA;NA;NA;NA
528;AUX PUER;AUX PUER;2013;F;1991;7;5;6;5;4;6;7;7;6;7;5;5;6;6;6;6;5;6;7;6;4;5;6;6;7;6;7;O;NA;NA;NA;O;NA;NA;NA;NA;14.5;NA;NA;NA;NA;NA;NA;NA
529;AUX PUER;AUX PUER;2013;F;1993;7;6;5;4;4;5;6;7;7;7;6;5;7;4;6;5;4;5;7;6;5;3;4;4;5;6;7;O;NA;NA;NA;O;NA;NA;NA;NA;13;NA;NA;NA;NA;NA;NA;NA
530;AUX PUER;AUX PUER;2013;F;1990;5;7;7;4;5;4;7;7;4;5;5;5;7;5;5;5;5;5;5;4;7;7;5;5;6;5;7;N;NA;NA;NA;O;NA;NA;NA;NA;14.75;NA;NA;NA;NA;NA;NA;NA
531;AUX PUER;AUX PUER;2013;F;1990;7;6;6;5;5;5;6;6;6;6;6;5;6;4;7;5;6;5;7;5;5;6;6;6;6;6;8;N;NA;NA;NA;NA;O;NA;NA;NA;13;NA;NA;NA;NA;NA;NA;NA
532;AUX PUER;AUX PUER;2013;F;1980;5;5;5;4;4;5;6;6;5;7;6;5;7;5;7;6;6;6;6;7;3;5;5;5;6;7;8;O;NA;NA;NA;NA;O;NA;NA;NA;13.75;NA;NA;NA;NA;NA;NA;NA
533;AUX PUER;AUX PUER;2013;F;1989;6;6;7;6;6;6;7;5;6;7;6;5;7;6;7;7;6;7;6;7;5;5;5;6;5;6;8;N;NA;NA;NA;NA;O;NA;NA;NA;6;NA;NA;NA;NA;NA;NA;NA
534;AUX PUER;AUX PUER;2013;F;1991;6;7;7;5;5;6;6;7;7;6;6;6;6;6;7;5;5;5;6;5;6;6;6;5;6;5;8;O;NA;NA;NA;NA;NA;NA;NA;NA;10.25;NA;NA;NA;NA;NA;NA;NA
535;AUX PUER;AUX PUER;2013;F;1965;7;7;7;6;7;6;7;6;7;7;5;7;7;5;7;6;7;7;7;7;6;6;7;7;5;7;8;N;NA;NA;NA;NA;O;NA;NA;NA;12.25;NA;NA;NA;NA;NA;NA;NA
536;AUX PUER;AUX PUER;2013;F;1980;7;4;4;6;7;1;7;3;1;7;1;7;5;1;7;6;6;2;4;5;1;1;4;7;4;4;8;N;NA;NA;NA;NA;NA;NA;NA;NA;13.25;NA;NA;NA;NA;NA;NA;NA
537;AUX PUER;AUX PUER;2013;F;1987;7;5;6;5;6;5;7;7;7;6;7;6;7;6;7;5;6;6;7;6;6;5;6;6;6;6;8;N;NA;NA;NA;NA;O;NA;NA;NA;14.5;NA;NA;NA;NA;NA;NA;NA
538;AUX PUER;AUX PUER;2013;F;1993;5;7;3;5;5;6;7;7;7;7;5;4;3;5;4;3;3;7;5;2;3;4;6;6;7;5;8;N;NA;NA;NA;NA;O;NA;NA;NA;11.25;NA;NA;NA;NA;NA;NA;NA
539;AUX PUER;AUX PUER;2013;F;1992;7;5;6;4;5;3;7;5;6;7;7;5;7;3;6;4;6;5;7;7;5;3;5;7;7;6;9;N;NA;NA;NA;NA;O;NA;NA;NA;12;NA;NA;NA;NA;NA;NA;NA
540;AUX PUER;AUX PUER;2013;F;1993;7;7;5;4;4;7;5;5;7;7;5;5;7;5;4;4;4;4;4;5;4;3;5;4;4;5;9;N;NA;NA;NA;NA;NA;NA;NA;NA;NA;NA;NA;NA;NA;NA;NA;NA
541;ET IADE;ET IADE;2012/2014;M;1974;7;4;6;7;6;6;7;5;4;7;4;5;6;6;6;7;7;7;6;6;1;5;6;5;5;6;1;O;NA;NA;NA;NA;NA;NA;NA;NA;14.6;NA;NA;NA;NA;NA;NA;NA
542;ET IADE;ET IADE;2012/2014;F;1973;7;7;2;7;6;1;7;5;7;7;4;6;7;4;7;7;7;2;2;4;6;5;6;7;1;7;1;O;NA;O;NA;NA;NA;NA;NA;NA;14.6;NA;NA;NA;NA;NA;NA;NA
543;ET IADE;ET IADE;2012/2014;F;1986;7;5;2;3;5;6;7;6;5;7;6;4;5;4;6;5;5;6;6;5;4;4;5;5;1;6;2;O;O;O;NA;NA;NA;NA;NA;NA;16.5;NA;NA;NA;NA;NA;NA;NA
544;ET IADE;ET IADE;2012/2014;M;1980;7;7;4;5;3;6;7;4;6;5;6;3;5;4;6;5;5;4;5;5;4;3;5;5;6;6;2;O;NA;O;NA;NA;NA;NA;NA;NA;16.5;NA;NA;NA;NA;NA;NA;NA
545;ET IADE;ET IADE;2012/2014;F;1980;7;4;1;4;3;3;4;4;4;5;4;4;4;1;3;4;3;4;1;4;2;1;1;4;3;4;2;O;NA;O;NA;NA;NA;NA;NA;NA;16.5;NA;NA;NA;NA;NA;NA;NA
546;ET IADE;ET IADE;2012/2014;F;1983;7;6;6;4;4;4;7;6;5;7;2;4;7;5;6;4;5;7;6;6;5;5;5;4;2;4;3;O;NA;NA;NA;NA;NA;NA;NA;NA;13.7;NA;NA;NA;NA;NA;NA;NA
547;ET IADE;ET IADE;2012/2014;F;1971;6;4;6;4;4;4;4;6;6;6;4;6;6;6;6;6;6;6;6;6;4;6;6;4;4;6;3;O;NA;NA;NA;NA;NA;NA;NA;NA;13.7;NA;NA;NA;NA;NA;NA;NA
548;ET IADE;ET IADE;2012/2014;F;1984;6;5;6;5;5;2;5;4;4;6;4;4;6;3;3;3;4;3;3;3;4;2;3;3;3;4;3;O;NA;NA;NA;NA;NA;NA;NA;NA;13.7;NA;NA;NA;NA;NA;NA;NA
549;ET IADE;ET IADE;2012/2014;F;1972;7;6;5;5;5;5;6;5;5;6;3;5;4;4;5;5;4;5;4;5;2;4;5;4;2;5;4;O;O;NA;NA;O;NA;NA;NA;NA;13.7;NA;NA;NA;NA;NA;NA;NA
550;ET IADE;ET IADE;2012/2014;F;1981;7;6;4;5;4;5;6;5;5;6;5;4;6;2;6;5;5;4;3;5;4;3;4;5;4;5;4;O;O;NA;NA;NA;NA;NA;NA;NA;14.6;NA;NA;NA;NA;NA;NA;NA
551;ET IADE;ET IADE;2012/2014;M;1984;6;6;7;7;6;7;3;6;7;7;7;6;6;6;6;4;7;6;6;4;3;6;4;5;6;5;4;O;O;NA;NA;NA;NA;NA;NA;NA;16.5;NA;NA;NA;NA;NA;NA;NA
552;ET IADE;ET IADE;2012/2014;M;1984;6;6;3;5;5;5;5;4;3;6;5;4;6;2;6;6;3;6;3;4;5;4;5;4;3;4;5;O;NA;NA;NA;NA;NA;NA;NA;NA;14.3;NA;NA;NA;NA;NA;NA;NA
553;ET IADE;ET IADE;2012/2014;F;1982;7;4;4;6;2;5;7;5;5;7;1;2;7;5;5;5;6;7;4;1;7;7;5;5;6;7;5;O;NA;O;NA;NA;NA;NA;NA;NA;17;NA;NA;NA;NA;NA;NA;NA
554;ET IADE;ET IADE;2012/2014;F;1982;5;5;2;5;3;4;1;2;4;5;2;2;5;2;4;4;4;3;2;5;2;5;4;4;5;6;5;O;O;O;NA;O;NA;NA;NA;NA;17;NA;NA;NA;NA;NA;NA;NA
555;ET IADE;ET IADE;2012/2014;M;1986;5;3;5;3;3;3;2;3;4;5;4;3;5;4;3;3;4;5;5;4;3;4;3;3;4;5;5;O;NA;O;NA;NA;NA;NA;NA;NA;17;NA;NA;NA;NA;NA;NA;NA
556;ET IADE;ET IADE;2012/2014;M;1979;6;6;5;6;6;4;6;6;2;7;5;5;6;6;7;6;6;5;7;4;5;6;5;6;4;7;6;O;NA;O;NA;NA;NA;NA;NA;NA;17;NA;NA;NA;NA;NA;NA;NA
557;ET IADE;ET IADE;2012/2014;M;1985;6;7;5;6;5;3;6;6;2;7;4;2;6;5;7;6;6;3;5;5;3;5;5;5;3;6;6;O;NA;O;NA;NA;NA;NA;NA;NA;14.3;NA;NA;NA;NA;NA;NA;NA
558;ET IADE;ET IADE;2012/2014;M;1984;6;6;6;6;5;5;4;4;3;7;2;3;7;6;6;5;5;5;5;5;4;6;7;5;2;5;6;O;NA;NA;NA;NA;NA;NA;NA;NA;14.3;NA;NA;NA;NA;NA;NA;NA
559;ET IADE;ET IADE;2012/2014;M;1981;5;6;6;4;5;3;5;4;5;6;2;5;6;1;7;5;4;5;5;4;4;2;4;4;4;5;6;O;NA;O;NA;NA;NA;NA;NA;NA;14.3;NA;NA;NA;NA;NA;NA;NA
560;ET IADE;ET IADE;2012/2014;F;1985;7;7;4;5;5;5;6;5;5;6;4;4;6;4;5;3;3;4;3;4;4;6;4;1;4;4;7;O;NA;NA;NA;NA;NA;NA;NA;NA;15.1;NA;NA;NA;NA;NA;NA;NA
561;ET IADE;ET IADE;2012/2014;M;1974;7;4;4;4;1;4;3;6;6;5;2;1;5;4;3;3;3;NA;NA;NA;2;5;6;1;1;2;7;O;NA;NA;NA;NA;NA;NA;NA;NA;14.6;NA;NA;NA;NA;NA;NA;NA
562;ET IADE;ET IADE;2012/2014;M;1987;6;4;6;5;1;1;4;4;1;7;1;1;6;3;5;1;5;2;4;1;2;4;3;2;1;2;7;NA;NA;NA;NA;NA;NA;NA;NA;NA;15.1;NA;NA;NA;NA;NA;NA;NA
563;ETCADRE;ETCADRE;2013/2014;F;1977;7;6;6;3;3;4;6;4;5;6;3;2;6;4;6;5;4;5;6;4;2;4;6;2;6;4;1;N;NA;NA;O;NA;NA;NA;NA;NA;11;NA;NA;NA;NA;NA;NA;NA
564;ETCADRE;ETCADRE;2013/2014;M;1973;7;6;4;6;4;3;6;4;3;6;3;3;7;6;6;5;5;7;5;6;4;6;6;5;2;6;1;O;NA;O;NA;NA;NA;NA;NA;NA;15;NA;NA;NA;NA;NA;NA;NA
565;ETCADRE;ETCADRE;2013/2014;F;1975;7;7;7;7;7;7;4;7;4;7;4;7;7;7;7;7;7;7;7;7;5;7;7;7;4;7;1;O;NA;O;NA;NA;NA;NA;NA;NA;14;NA;NA;NA;NA;NA;NA;NA
566;ETCADRE;ETCADRE;2013/2014;F;1961;6;6;5;4;5;5;6;6;1;7;1;4;6;7;7;4;5;7;7;7;1;7;7;5;1;7;1;O;NA;NA;NA;O;NA;NA;NA;NA;11;NA;NA;NA;NA;NA;NA;NA
567;ETCADRE;ETCADRE;2013/2014;F;1967;7;5;6;4;6;7;5;5;6;7;4;6;7;7;6;5;6;7;4;6;4;6;7;5;3;6;1;O;NA;NA;NA;O;NA;O;NA;NA;13;NA;NA;NA;NA;NA;NA;NA
568;ETCADRE;ETCADRE;2013/2014;F;1969;5;3;5;4;4;4;4;4;2;5;1;2;6;5;5;4;5;5;4;5;2;5;4;4;1;4;2;O;NA;NA;NA;O;NA;NA;NA;NA;13;NA;NA;NA;NA;NA;NA;NA
569;ETCADRE;ETCADRE;2013/2014;F;1973;6;2;6;6;5;6;5;1;2;6;1;6;6;6;6;4;6;7;2;6;2;5;6;6;1;5;2;O;O;NA;NA;O;NA;NA;NA;NA;14;NA;NA;NA;NA;NA;NA;NA
570;ETCADRE;ETCADRE;2013/2014;F;1971;7;6;4;4;5;5;7;6;7;7;4;2;7;5;7;7;7;7;5;5;1;4;7;7;7;7;2;O;NA;NA;NA;NA;NA;NA;NA;NA;10;NA;NA;NA;NA;NA;NA;NA
571;ETCADRE;ETCADRE;2013/2014;F;1980;3;2;6;4;4;4;1;1;1;4;1;3;7;4;1;3;2;4;3;6;2;6;6;5;1;5;2;O;O;NA;O;NA;NA;NA;NA;NA;11;NA;NA;NA;NA;NA;NA;NA
572;ETCADRE;ETCADRE;2013/2014;F;1981;7;4;6;4;7;5;4;5;1;7;7;5;7;7;5;6;7;5;6;6;5;7;5;6;5;6;3;N;NA;NA;NA;NA;NA;NA;NA;NA;13;NA;NA;NA;NA;NA;NA;NA
573;ETCADRE;ETCADRE;2013/2014;M;1979;7;7;4;5;3;1;3;5;1;6;2;2;6;5;5;4;4;4;5;5;3;5;4;4;1;4;3;N;NA;NA;NA;NA;NA;NA;NA;NA;11;NA;NA;NA;NA;NA;NA;NA
574;ETCADRE;ETCADRE;2013/2014;F;1981;5;4;4;4;5;2;7;6;7;6;3;4;7;5;7;4;4;7;6;5;6;4;7;3;5;6;4;O;O;NA;NA;NA;NA;NA;NA;NA;13;NA;NA;NA;NA;NA;NA;NA
575;ETCADRE;ETCADRE;2013/2014;F;1962;7;3;5;7;3;3;7;4;6;6;3;3;7;3;6;6;6;6;5;6;6;5;5;6;1;7;5;O;NA;NA;NA;NA;NA;NA;NA;NA;14;NA;NA;NA;NA;NA;NA;NA
576;ETCADRE;ETCADRE;2013/2014;F;1968;4;4;4;4;4;5;4;5;5;5;3;4;6;4;4;4;4;5;4;4;4;4;5;4;4;4;5;O;NA;NA;NA;NA;NA;NA;NA;NA;15;NA;NA;NA;NA;NA;NA;NA
577;ETCADRE;ETCADRE;2013/2014;F;1980;7;4;6;1;1;6;7;4;5;7;4;1;6;4;4;4;6;7;6;6;1;4;7;4;2;7;5;O;O;;;;;;;;13;;;;;;;
578;ETCADRE;ETCADRE;2013/2014;F;1984;7;5;7;4;5;6;4;7;1;6;5;5;7;7;6;5;5;7;7;7;3;7;7;5;5;6;5;O;;;;;;;;;14;;;;;;;
579;ET IADE;ET IADE;2013/2015;M;1984;5;7;7;3;2;5;3;5;7;6;2;2;7;6;7;2;2;6;7;5;2;7;7;3;7;4;1;O;;;;;;;;;16;;;;;;;
580;ET IADE ;ET IADE ;2013/2015;F;1986;4;4;6;2;2;1;1;4;3;5;1;4;4;5;4;2;1;5;5;5;4;4;5;4;1;5;2;O;O;;;;;;;;16;;;;;;;
581;ET IADE ;ET IADE ;2013/2015;M;1980;7;6;5;5;2;3;3;6;4;5;1;2;7;5;5;4;4;6;6;5;2;4;6;4;3;5;2;O;O;O;;;;;;;12;;;;;;;
582;ET IADE;ET IADE;2013/2015;F;1980;7;7;5;5;1;7;4;6;6;6;4;1;4;5;5;4;3;5;6;4;4;4;5;5;5;5;3;O;;;;;;;;;12;;;;;;;
583;ET IADE;ET IADE;2013/2015;F;1980;7;3;7;4;6;3;7;6;2;6;5;4;7;4;3;4;4;7;6;3;2;4;4;6;4;6;3;O;O;;;;;;;;16;;;;;;;
584;ET IADE;ET IADE;2013/2015;F;1979;7;6;6;6;5;6;7;7;6;6;7;5;7;7;6;6;6;6;6;6;5;7;7;5;6;5;3;O;;;;;;;;;16;;;;;;;
585;ET IADE;ET IADE;2013/2015;F;1978;5;6;5;5;3;6;5;7;5;7;5;2;3;6;4;4;4;6;6;4;3;5;5;3;5;5;3;O;O;O;;;;;;;16;;;;;;;
586;ET IADE;ET IADE;2013/2015;M;1986;7;5;5;4;4;6;4;6;5;5;4;2;6;4;4;4;4;4;5;6;1;4;7;4;5;5;4;O;O;;;;;;;;12;;;;;;;
587;ET IADE;ET IADE;2013/2015;M;1988;7;6;7;4;5;6;2;7;4;5;3;4;7;4;5;5;5;7;4;5;1;5;7;4;1;4;4;O;O;O;;;;;;;12;;;;;;;
588;ET IADE;ET IADE;2013/2015;F;1980;7;6;7;4;4;6;7;7;6;7;5;5;6;7;7;5;5;5;6;6;5;7;6;6;6;5;4;O;O;;;;;;;;18;;;;;;;
589;ET IADE;ET IADE;2013/2015;M;1976;7;6;6;5;5;5;7;6;3;5;2;4;5;6;5;4;4;5;6;4;6;6;6;4;3;5;4;O;O;;;;;;;;18;;;;;;;
590;ET IADE;ET IADE;2013/2015;M;1987;7;7;5;5;4;6;7;6;7;7;7;4;4;7;7;5;4;4;6;4;5;6;6;3;7;5;5;O;O;O;;;;;;;20;;;;;;;
591;ET IADE;ET IADE;2013/2015;F;1979;6;6;4;5;5;6;1;6;6;6;5;6;6;6;6;5;5;6;6;4;3;6;6;5;5;6;5;O;O;;;;;;;;12;;;;;;;
592;ET IADE;ET IADE;2013/2015;F;1981;7;5;6;5;5;6;3;6;6;6;5;5;7;6;6;5;4;7;6;4;4;4;6;5;5;5;5;O;O;;;;;;;;14;;;;;;;
593;ET IADE;ET IADE;2013/2015;M;1978;7;6;5;4;4;5;5;6;6;5;5;4;5;6;5;5;5;5;6;5;5;6;6;5;5;5;5;O;;;;;;;;;16;;;;;;;
